store,name,brand,price,original_price,price_per_kg,unit_type,saving,percent_off,deal_type,scraped_at
New World,"Skinless Chicken Breast

kg",,12.99,12.99,12.99,kg,0.0,0.0,Super Saver,2026-05-10T09:48:45.876092
New World,"Beef Scotch Fillet Steak

kg",,48.99,48.99,48.99,kg,0.0,0.0,Super Saver,2026-05-10T09:48:45.918413
New World,"NZ Beef Schnitzel

kg",,22.99,22.99,22.99,kg,0.0,0.0,Super Saver,2026-05-10T09:48:45.963731
New World,"Pams Sliced Smoked Salmon

200g",,12.99,12.99,64.95,ea,0.0,0.0,Super Saver,2026-05-10T09:48:46.006546
New World,"Kingfisher Seafood Premium Cooked Prawn Meat

500g",,14.99,14.99,29.98,ea,0.0,0.0,Super Saver,2026-05-10T09:48:46.045054
New World,"Prime Beef Mince

kg",,19.89,19.89,19.89,kg,0.0,0.0,Super Saver,2026-05-10T09:48:46.079262
New World,"NZ Premium Beef Mince

kg",,27.89,27.89,27.89,kg,0.0,0.0,,2026-05-10T09:48:46.144923
New World,"Brink's Skinless Chicken Breast

kg",,16.29,16.29,16.29,kg,0.0,0.0,,2026-05-10T09:48:46.187186
New World,"Beef Rump Steak

kg",,34.89,34.89,34.89,kg,0.0,0.0,,2026-05-10T09:48:46.220489
New World,"Lamb Leg Roast

kg",,22.99,22.99,22.99,kg,0.0,0.0,Super Saver,2026-05-10T09:48:46.252839
New World,"NZ Chicken Drumsticks Marinated

kg",,7.29,7.29,7.29,kg,0.0,0.0,,2026-05-10T09:48:46.290260
New World,"Lamb Shoulder Chops

kg",,19.99,19.99,19.99,kg,0.0,0.0,,2026-05-10T09:48:46.322657
New World,"Beef Scotch Fillet Steak

kg",,49.99,49.99,49.99,kg,0.0,0.0,,2026-05-10T09:48:46.354120
New World,"NZ Beef Porterhouse Steak

kg",,36.99,36.99,36.99,kg,0.0,0.0,Super Saver,2026-05-10T09:48:46.384941
New World,"NZ Pork Loin Chops

kg",,15.99,15.99,15.99,kg,0.0,0.0,,2026-05-10T09:48:46.427353
New World,"Lamb Loin Chops

kg",,29.99,29.99,29.99,kg,0.0,0.0,,2026-05-10T09:48:46.458781
New World,"Pams Streaky Bacon

250g",,6.99,6.99,27.96,ea,0.0,0.0,,2026-05-10T09:48:46.489870
New World,"Chicken Nibbles

kg",,13.49,13.49,13.49,kg,0.0,0.0,,2026-05-10T09:48:46.522011
New World,"NZ Pork Mince

kg",,18.89,18.89,18.89,kg,0.0,0.0,,2026-05-10T09:48:46.553149
New World,"Pork Leg

kg",,12.59,12.59,12.59,kg,0.0,0.0,,2026-05-10T09:48:46.584190
New World,"NZ Pork Shoulder Roast

kg",,11.19,11.19,11.19,kg,0.0,0.0,,2026-05-10T09:48:46.615116
New World,"Mega Chicken Drumsticks

kg",,6.49,6.49,6.49,kg,0.0,0.0,,2026-05-10T09:48:46.646569
New World,"Waitoa Fresh Whole Chicken Bag

kg",,12.89,12.89,12.89,kg,0.0,0.0,,2026-05-10T09:48:46.677378
New World,"Wilson Hellaby Corned Silverside

kg",,20.29,20.29,20.29,kg,0.0,0.0,,2026-05-10T09:48:46.708425
New World,"Beehive Streaky Bacon

800g",,19.49,21.79,24.36,ea,2.3,10.6,Club Deal,2026-05-10T09:48:46.736490
New World,"Verkerks Danish Salami

100g",,3.89,4.49,38.9,ea,0.6,13.4,Club Deal,2026-05-10T09:48:46.771230
New World,"Beehive Shaved Champagne Ham

100g",,3.79,4.99,37.9,ea,1.2,24.0,Club Deal,2026-05-10T09:48:46.802110
New World,"Verkerks Pepperoni Salami

100g",,3.89,4.49,38.9,ea,0.6,13.4,Club Deal,2026-05-10T09:48:46.837454
New World,"Verkerks Italian Salami

100g",,3.89,4.49,38.9,ea,0.6,13.4,Club Deal,2026-05-10T09:48:46.870467
New World,"Hellers Manuka Smoked Streaky Bacon

250g",,8.49,8.49,33.96,ea,0.0,0.0,,2026-05-10T09:48:46.901163
New World,"Pams Sliced Champagne Leg Ham

225g",,5.59,5.59,24.84,ea,0.0,0.0,,2026-05-10T09:48:46.931883
New World,"Beehive Streaky Bacon

250g",,6.99,9.29,27.96,ea,2.3,24.8,Club Deal,2026-05-10T09:48:46.970962
New World,"Verkerks Dutch Salami

100g",,3.89,4.49,38.9,ea,0.6,13.4,Club Deal,2026-05-10T09:48:47.005622
New World,"Hellers Shaved Manuka Smoked Ham

200g",,5.99,6.99,29.95,ea,1.0,14.3,Club Deal,2026-05-10T09:48:47.050398
New World,"Hellers Sausage Meat

450g",,7.29,7.29,16.2,ea,0.0,0.0,,2026-05-10T09:48:47.086336
New World,"Beehive Shaved Champagne Ham

200g",,7.99,7.99,39.95,ea,0.0,0.0,,2026-05-10T09:48:47.117982
New World,"NZ Beef Schnitzel

kg",,27.49,27.49,27.49,kg,0.0,0.0,,2026-05-10T09:48:47.149170
New World,"Lamb Steak

kg",,36.99,36.99,30.99,kg,0.0,0.0,Club Deal,2026-05-10T09:48:47.180480
New World,"Hellers Shaved Champagne Leg Ham

100g",,4.29,4.29,42.9,ea,0.0,0.0,,2026-05-10T09:48:47.216456
New World,"Crumbed Beef Schnitzel

kg",,27.49,27.49,27.49,kg,0.0,0.0,,2026-05-10T09:48:47.246889
New World,"Mega Chicken Nibbles

kg",,12.99,12.99,12.99,kg,0.0,0.0,,2026-05-10T09:48:47.273473
New World,"Farmland Streaky Bacon

500g",,17.89,17.89,35.78,ea,0.0,0.0,,2026-05-10T09:48:47.304374
New World,"Pams Fresh Whole Chicken Medium

1.5kg",,15.15,15.15,10.1,ea,0.0,0.0,,2026-05-10T09:48:47.335457
New World,"Verkerks Chorizo Salami

100g",,3.89,4.49,38.9,ea,0.6,13.4,Club Deal,2026-05-10T09:48:47.399851
New World,"Hellers Craft Angus Beef Sausages

6pk",,10.99,10.99,,ea,0.0,0.0,,2026-05-10T09:48:47.432846
New World,"Pams Streaky Bacon

500g",,11.39,11.39,22.78,ea,0.0,0.0,,2026-05-10T09:48:47.463712
New World,"Hellers Shaved Champagne Ham

200g",,5.99,6.99,29.95,ea,1.0,14.3,Club Deal,2026-05-10T09:48:47.493896
New World,"Beehive Shaved Honey Baked Ham

100g",,3.79,4.99,37.9,ea,1.2,24.0,Club Deal,2026-05-10T09:48:47.558821
New World,"Sizzlers Double Cheese

450g",,5.99,6.99,13.31,ea,1.0,14.3,Club Deal,2026-05-10T09:48:47.593313
New World,"Hellers Trusty BBQ Pre-Cooked Sausages

1kg",,13.15,13.15,13.15,ea,0.0,0.0,,2026-05-10T09:48:47.623979
New World,"Beef Fillet Steak

kg",,63.99,63.99,63.99,kg,0.0,0.0,,2026-05-10T09:48:47.652021
New World,"Verkerks Lean Danish Salami

100g",,3.89,4.49,38.9,ea,0.6,13.4,Club Deal,2026-05-10T09:48:47.682541
New World,"NZ Pork Shoulder Chops

kg",,13.49,13.49,13.49,kg,0.0,0.0,Super Saver,2026-05-10T09:48:47.712904
New World,"Hellers Shaved Manuka Smoked Ham

100g",,4.29,4.29,42.9,ea,0.0,0.0,,2026-05-10T09:49:05.224703
New World,"Hellers Manuka Smoked Streaky Bacon

400g",,10.99,12.99,27.48,ea,2.0,15.4,Club Deal,2026-05-10T09:49:05.255837
New World,"Verkerks Mild Salami Sticks

150g",,4.99,4.99,33.27,ea,0.0,0.0,,2026-05-10T09:49:05.290411
New World,"Pams Middle Bacon

350g",,6.99,6.99,19.97,ea,0.0,0.0,,2026-05-10T09:49:05.317489
New World,"Pork Sirloin Steak

kg",,31.99,31.99,31.99,kg,0.0,0.0,,2026-05-10T09:49:05.352926
New World,"Boneless Chicken Thigh Fillets

kg",,26.29,26.29,26.29,kg,0.0,0.0,,2026-05-10T09:49:05.384345
New World,"Pams Shoulder Bacon

400g",,6.99,6.99,17.48,ea,0.0,0.0,,2026-05-10T09:49:05.415139
New World,"Brink's Chicken Tenderloins

kg",,23.99,23.99,18.99,kg,0.0,0.0,Club Deal,2026-05-10T09:49:05.449458
New World,"Hellers Ol' Smokey Streaky Bacon

250g",,8.49,8.49,33.96,ea,0.0,0.0,,2026-05-10T09:49:05.484168
New World,"Hellers Chunky Cheese Sausages

1kg",,14.69,14.69,10.99,ea,0.0,0.0,Club Deal,2026-05-10T09:49:05.514996
New World,"Hellers Chinese Honey Sausages

1kg",,14.69,14.69,10.99,ea,0.0,0.0,Club Deal,2026-05-10T09:49:05.545437
New World,"Hellers Craft Angus Beef Burgers

4pk",,10.99,10.99,,ea,0.0,0.0,,2026-05-10T09:49:05.576560
New World,"Aoraki Smokehouse Original Artisan Cold Smoked Salmon Slices

100g",,14.95,14.95,149.5,ea,0.0,0.0,,2026-05-10T09:49:05.638337
New World,"Hellers Manuka Smoked Shoulder Bacon

200g",,5.39,5.39,26.95,ea,0.0,0.0,,2026-05-10T09:49:05.664873
New World,"Hellers Craft Old Fashioned Beef Sausages

6pk",,10.99,10.99,,ea,0.0,0.0,,2026-05-10T09:49:05.695143
New World,"Verkerks Mild Dutch Lunchbox Salami

100g",,3.89,4.49,38.9,ea,0.6,13.4,Club Deal,2026-05-10T09:49:05.725129
New World,"Bird & Barrow Skinless Chicken Breast

kg",,25.99,25.99,25.99,kg,0.0,0.0,,2026-05-10T09:49:05.755269
New World,"Hellers Ol' Smokey Streaky Bacon

800g",,21.99,21.99,27.49,ea,0.0,0.0,,2026-05-10T09:49:05.785516
New World,"Hellers Cocktail Saveloys

kg",,14.49,14.49,14.49,kg,0.0,0.0,,2026-05-10T09:49:05.817278
New World,"Pams Whole Chicken Large

1.9kg",,18.89,18.89,9.94,ea,0.0,0.0,,2026-05-10T09:49:05.843848
New World,"NZ Stir Fry Beef

kg",,30.99,30.99,30.99,kg,0.0,0.0,,2026-05-10T09:49:05.874456
New World,"Hellers Shaved Honey Baked Ham

100g",,4.29,4.29,42.9,ea,0.0,0.0,,2026-05-10T09:49:05.904695
New World,"Verkerks Lean Italian Salami

100g",,3.89,4.49,38.9,ea,0.6,13.4,Club Deal,2026-05-10T09:49:05.934969
New World,"Ingham's Garlic & Herb Butterfly Chicken

1.1kg",,13.49,13.49,12.26,ea,0.0,0.0,,2026-05-10T09:49:05.965301
New World,"Pams Streaky Bacon

1kg",,23.49,23.49,23.49,ea,0.0,0.0,,2026-05-10T09:49:05.991798
New World,"Hellers Honey Cured Streaky Bacon

250g",,8.49,8.49,33.96,ea,0.0,0.0,,2026-05-10T09:49:06.023145
New World,"Pams Classic Beef Sausages

6 x 75g",,9.25,9.25,20.56,ea,0.0,0.0,,2026-05-10T09:49:06.053832
New World,"Waitoa Manuka Honey & Rosemary Chicken

1.1kg",,15.39,15.39,13.99,ea,0.0,0.0,,2026-05-10T09:49:06.080240
New World,"NZ Diced Beef

kg",,30.99,30.99,30.99,kg,0.0,0.0,,2026-05-10T09:49:06.110339
New World,"NZ Pork Slices

kg",,25.49,25.49,22.99,kg,0.0,0.0,Club Deal,2026-05-10T09:49:06.140428
New World,"Hellers Manuka Smoked Rasher Bacon

800g",,13.49,17.99,16.86,ea,4.5,25.0,Club Deal,2026-05-10T09:49:06.174179
New World,"Farmland Thin Sliced Streaky Bacon

125g",,4.85,4.85,38.8,ea,0.0,0.0,,2026-05-10T09:49:06.208303
New World,"Hellers Manuka Smoked Streaky Bacon

800g",,21.99,21.99,27.49,ea,0.0,0.0,,2026-05-10T09:49:06.242130
New World,"Pams Sage & Onion Stuffed Chicken

1.5kg",,16.05,16.05,10.7,ea,0.0,0.0,,2026-05-10T09:49:06.273495
New World,"Hellers Manuka Smoked Middle Eye Bacon

250g",,8.39,8.39,33.56,ea,0.0,0.0,,2026-05-10T09:49:06.300020
New World,"Pieter's Dutch Salami

250g",,6.79,7.29,27.16,ea,0.5,6.9,Club Deal,2026-05-10T09:49:06.330010
New World,"Hellers Crafty Cooks Bacon Strips

200g",,5.99,6.99,29.95,ea,1.0,14.3,Club Deal,2026-05-10T09:49:06.360261
New World,"Pams Classic Pork Sausages

6 x 75g",,9.25,9.25,20.56,ea,0.0,0.0,,2026-05-10T09:49:06.394132
New World,"Hellers Classic Family Cheerios

1kg",,12.49,12.49,12.49,ea,0.0,0.0,,2026-05-10T09:49:06.420617
New World,"Verkerks Frankfurters

300g",,7.89,7.89,26.3,ea,0.0,0.0,,2026-05-10T09:49:06.450639
New World,"Beehive Shoulder Bacon

200g",,4.59,5.99,22.95,ea,1.4,23.4,Club Deal,2026-05-10T09:49:06.477780
New World,"Hutton's Ham & Chicken Luncheon

ea",,17.9,17.9,17.9,kg,0.0,0.0,,2026-05-10T09:49:06.545888
New World,"Verkerks Spanish Chorizo Salami Slims

150g",,4.99,4.99,33.27,ea,0.0,0.0,,2026-05-10T09:49:06.572311
New World,"Tegel Free Range Meal Maker Shredded Roast Chicken

260g",,12.79,12.79,49.19,ea,0.0,0.0,,2026-05-10T09:49:06.598597
New World,"Pieter's Danish Salami

250g",,6.79,7.29,27.16,ea,0.5,6.9,Club Deal,2026-05-10T09:49:06.624708
New World,"Harris Farms Beef 'n Caramelised Onion Burgers

2 x 125g",,7.15,7.15,28.6,ea,0.0,0.0,,2026-05-10T09:49:06.667992
New World,"Freedom Farms Streaky Bacon

250g",,12.49,16.69,49.96,ea,4.2,25.2,Club Deal,2026-05-10T09:49:06.694451
New World,"Pieter's Pepperoni Salami

250g",,6.79,7.29,27.16,ea,0.5,6.9,Club Deal,2026-05-10T09:49:06.729625
New World,"Verkerks Cheese Kransky

280g",,8.99,8.99,32.11,ea,0.0,0.0,,2026-05-10T09:49:24.004815
New World,"Beehive Shaved Honey Baked Ham

200g",,7.99,7.99,39.95,ea,0.0,0.0,,2026-05-10T09:49:24.034311
New World,"NZ Chicken Necks

kg",,6.49,6.49,6.49,kg,0.0,0.0,,2026-05-10T09:49:24.067196
New World,"Harris Farms North Canterbury Beef Burgers

2 x 125g",,7.15,7.15,28.6,ea,0.0,0.0,,2026-05-10T09:49:24.099648
New World,"Hellers Manuka Smoked Rasher Bacon

200g",,6.09,6.09,30.45,ea,0.0,0.0,,2026-05-10T09:49:24.127696
New World,"Hellers Craft Angus Beef Meatballs

400g",,10.99,10.99,27.48,ea,0.0,0.0,,2026-05-10T09:49:24.160228
New World,"Verkerks Mini Danish Salami

300g",,11.29,11.29,37.63,ea,0.0,0.0,,2026-05-10T09:49:24.191773
New World,"Hellers Gluten Free Original Sausages

1kg",,14.69,14.69,10.99,ea,0.0,0.0,Club Deal,2026-05-10T09:49:24.219478
New World,"Verkerks Cheese Salami Sticks

150g",,4.99,4.99,33.27,ea,0.0,0.0,,2026-05-10T09:49:24.252933
New World,"Hellers Manuka Smoked Bacon Pieces

500g",,6.79,7.49,13.58,ea,0.7,9.3,Club Deal,2026-05-10T09:49:24.280791
New World,"Tegel Free Range Meal Maker Sliced Roast Chicken

260g",,12.79,12.79,49.19,ea,0.0,0.0,,2026-05-10T09:49:24.316095
New World,"NZ Beef Bolar Roast

kg",,29.99,29.99,29.99,kg,0.0,0.0,,2026-05-10T09:49:24.343378
New World,"Hellers Manuka Smoked Streaky Bacon

1kg",,35.15,35.15,20.99,ea,0.0,0.0,Club Deal,2026-05-10T09:49:24.375288
New World,"Hellers Shaved Honey Baked Ham

200g",,5.99,6.99,29.95,ea,1.0,14.3,Club Deal,2026-05-10T09:49:24.409634
New World,"Waitoa Free Range Boneless Skinless Chicken Breasts

kg",,25.99,25.99,25.99,kg,0.0,0.0,,2026-05-10T09:49:24.444407
New World,"Pieter's Italian Salami

250g",,6.79,7.29,27.16,ea,0.5,6.9,Club Deal,2026-05-10T09:49:24.476602
New World,"Beehive Shaved Peppered Ham

100g",,3.79,4.99,37.9,ea,1.2,24.0,Club Deal,2026-05-10T09:49:24.507240
New World,"Hellers Sliced Pepperoni Salami

100g",,4.39,4.39,43.9,ea,0.0,0.0,,2026-05-10T09:49:24.541752
New World,"Hellers Shaved Beef Pastrami

100g",,4.49,5.29,44.9,ea,0.8,15.1,Club Deal,2026-05-10T09:49:24.568265
New World,"Hellers Craft Honey Lamb & Rosemary Sausages

6pk",,10.99,10.99,,ea,0.0,0.0,,2026-05-10T09:49:24.598243
New World,"Hellers Craft Lamb & Thyme Sausages

6pk",,10.99,10.99,,ea,0.0,0.0,,2026-05-10T09:49:24.628258
New World,"Waitoa Whole Chicken with Garden Herbs Stuffing

1.5kg",,16.99,20.49,11.33,ea,3.5,17.1,Club Deal,2026-05-10T09:49:24.658602
New World,"NZ Beef Blade Steak

kg",,32.59,32.59,32.59,kg,0.0,0.0,,2026-05-10T09:49:24.718050
New World,"Harris Farms Steak 'n Cheese Burgers

2 x 125g",,7.15,7.15,28.6,ea,0.0,0.0,,2026-05-10T09:49:24.752520
New World,"Verkerks Mild Salami Bites

150g",,4.99,4.99,33.27,ea,0.0,0.0,,2026-05-10T09:49:24.779942
New World,"Verkerks Italian Salami

300g",,11.29,11.29,37.63,ea,0.0,0.0,,2026-05-10T09:49:24.806516
New World,"Hellers Shaved Roast Chicken

200g",,5.99,6.99,29.95,ea,1.0,14.3,Club Deal,2026-05-10T09:49:24.834455
New World,"Hellers Craft Sliced Ham Off The Bone

250g",,11.29,11.29,45.16,ea,0.0,0.0,,2026-05-10T09:49:24.866258
New World,"Pams Precooked Sausages

1kg",,10.59,10.59,8.33,ea,0.0,0.0,Club Deal,2026-05-10T09:49:24.896467
New World,"Pams Finest Authentic Italian Prosciutto Crudo

70g",,8.29,9.69,118.43,ea,1.4,14.4,Club Deal,2026-05-10T09:49:24.928906
New World,"Verkerks Mini Peperoni Salami

300g",,11.29,11.29,37.63,ea,0.0,0.0,,2026-05-10T09:49:24.969857
New World,"Waitoa Free Range Chicken Breast

kg",,26.99,26.99,26.99,kg,0.0,0.0,,2026-05-10T09:49:24.999192
New World,"Primo Smallgoods Chorizo

200g",,5.49,6.65,27.45,ea,1.16,17.4,Club Deal,2026-05-10T09:49:25.033922
New World,"NZ Diced Pork

kg",,22.99,22.99,22.99,kg,0.0,0.0,,2026-05-10T09:49:25.082834
New World,"Hellers Cheese & Bacon Sausages

1kg",,14.69,14.69,10.99,ea,0.0,0.0,Club Deal,2026-05-10T09:49:25.113231
New World,"Hellers Frankfurters Sausages

kg",,14.49,14.49,14.49,kg,0.0,0.0,,2026-05-10T09:49:25.143415
New World,"Farmland Champagne Ham

100g",,3.59,3.59,35.9,ea,0.0,0.0,,2026-05-10T09:49:25.170621
New World,"Wilson Hellaby Teriyaki Flavoured Pork Loin Steak

kg",,24.49,24.49,24.49,kg,0.0,0.0,,2026-05-10T09:49:25.205842
New World,"Pams Finest European Duo Prosciutto & Milano Salami

80g",,8.99,12.45,112.38,ea,3.46,27.8,Club Deal,2026-05-10T09:49:25.233807
New World,"NZ Beef Topside Steak

kg",,27.49,27.49,27.49,kg,0.0,0.0,,2026-05-10T09:49:25.272300
New World,"Lamb Mince

kg",,28.99,28.99,28.99,kg,0.0,0.0,,2026-05-10T09:49:25.305645
New World,"Hellers Honey Baked Ham Off The Bone

250g",,11.29,11.29,45.16,ea,0.0,0.0,,2026-05-10T09:49:25.338212
New World,"Hellers Trusty BBQ Pre-Cooked Sausages

2kg",,23.65,23.65,11.83,ea,0.0,0.0,,2026-05-10T09:49:25.372656
New World,"Skinless Chicken Breast Fillets

kg",,16.29,16.29,16.29,kg,0.0,0.0,,2026-05-10T09:49:25.402091
New World,"Regal Cold Smoked Salmon

100g",,14.95,14.95,149.5,ea,0.0,0.0,,2026-05-10T09:49:25.435699
New World,"Verkerks Chorizo

300g",,11.29,11.29,37.63,ea,0.0,0.0,,2026-05-10T09:49:25.467041
New World,"Verkerks Dutch Salami

300g",,11.29,11.29,37.63,ea,0.0,0.0,,2026-05-10T09:49:25.496962
New World,"Hutton's Champagne Leg Ham

kg",,29.9,29.9,29.9,kg,0.0,0.0,,2026-05-10T09:49:25.526038
New World,"Harris Farms English Shorts Pork Sausages

350g",,9.75,9.75,27.86,ea,0.0,0.0,,2026-05-10T09:49:25.559022
New World,"Beehive Cocktails

1kg",,15.69,15.69,15.69,ea,0.0,0.0,,2026-05-10T09:49:25.587978
New World,"Hellers Craft Country Pork Sausages

6pk",,10.99,10.99,,ea,0.0,0.0,,2026-05-10T09:49:42.467611
New World,"Pams Value Precooked Middle Bacon

700g",,15.09,15.09,21.56,ea,0.0,0.0,,2026-05-10T09:49:42.498157
New World,"Chicken Maryland

kg",,9.49,9.49,9.49,kg,0.0,0.0,,2026-05-10T09:49:42.528537
New World,"Tegel Free Range Chicken Mexican Wraps

4pk",,12.49,12.49,,ea,0.0,0.0,,2026-05-10T09:49:42.554900
New World,"Hellers Manuka Smoked Middle Eye Bacon

500g",,10.49,13.99,20.98,ea,3.5,25.0,Club Deal,2026-05-10T09:49:42.611271
New World,"Pieter's Spanish Chorizo Salami

250g",,6.79,7.29,27.16,ea,0.5,6.9,Club Deal,2026-05-10T09:49:42.645850
New World,"Tegel Fresh Free Range Smoked Chicken Breast

300g",,13.59,13.59,45.3,ea,0.0,0.0,,2026-05-10T09:49:42.676281
New World,"Harris Farms Italian Shorts Beef Sausages

350g",,9.75,9.75,27.86,ea,0.0,0.0,,2026-05-10T09:49:42.703847
New World,"Tegel Free Range Meal Maker Smoked Chicken

260g",,12.79,12.79,49.19,ea,0.0,0.0,,2026-05-10T09:49:42.729993
New World,"Verkerks Chorizo Sticks

150g",,4.99,4.99,33.27,ea,0.0,0.0,,2026-05-10T09:49:42.756281
New World,"Hutton's Ham & Chicken Flavoured Luncheon

800g",,6.79,8.99,8.49,ea,2.2,24.5,Club Deal,2026-05-10T09:49:42.782285
New World,"Hellers Manuka Smoked Ham

900g",,18.75,18.75,20.83,ea,0.0,0.0,,2026-05-10T09:49:42.812814
New World,"NZ Fresh Bone-In Pork Belly

kg",,22.99,22.99,22.99,kg,0.0,0.0,Super Saver,2026-05-10T09:49:42.842633
New World,"Waitoa Free Range Boneless Skinless Chicken Thighs

kg",,28.99,28.99,26.99,kg,0.0,0.0,Club Deal,2026-05-10T09:49:42.875991
New World,"Harris Farms Old English Beef Sausages MAP

480g",,10.29,10.29,21.44,ea,0.0,0.0,,2026-05-10T09:49:42.911196
New World,"Shredded Chicken

kg",,39.9,39.9,39.9,kg,0.0,0.0,,2026-05-10T09:49:42.940882
New World,"Hellers Craft Country Pork Breakfast Sausages

10pk",,10.99,10.99,,ea,0.0,0.0,,2026-05-10T09:49:42.967136
New World,"Hellers Free Range Danish Eye Bacon

250g",,12.99,12.99,51.96,ea,0.0,0.0,,2026-05-10T09:49:42.996951
New World,"Tegel Free Range Manuka Smoked Chicken Rashers

200g",,7.59,7.59,37.95,ea,0.0,0.0,,2026-05-10T09:49:43.026749
New World,"Hutton's Ham & Chicken Flavoured Luncheon

250g",,4.99,4.99,19.96,ea,0.0,0.0,,2026-05-10T09:49:43.052877
New World,"Hellers Craft Angus Beef Breakfast Sausages

10pk",,10.99,10.99,,ea,0.0,0.0,,2026-05-10T09:49:43.112831
New World,"Freedom Farms Rindless Middle Bacon

200g",,10.99,10.99,54.95,ea,0.0,0.0,,2026-05-10T09:49:43.143765
New World,"Lisa's Mediterranean Falafel Mix

400g",,6.99,9.19,1.75,ea,2.2,23.9,Club Deal,2026-05-10T09:49:43.173842
New World,"Beehive Mini Cheese Kransky Sausages

800g",,15.69,15.69,19.61,ea,0.0,0.0,,2026-05-10T09:49:43.204038
New World,"Pork Hock

1pk",,9.99,9.99,,ea,0.0,0.0,,2026-05-10T09:49:43.229949
New World,"Tegel Free Range Chicken Italian Wraps

4pk",,12.49,12.49,,ea,0.0,0.0,,2026-05-10T09:49:43.259497
New World,"Hellers Shaved Hot Pork

200g",,5.99,6.99,29.95,ea,1.0,14.3,Club Deal,2026-05-10T09:49:43.285315
New World,"NZ Beef Chuck Steak

kg",,34.59,34.59,26.99,kg,0.0,0.0,Club Deal,2026-05-10T09:49:43.318348
New World,"Freedom Farms Shaved Champagne Ham

100g",,8.89,8.89,88.9,ea,0.0,0.0,,2026-05-10T09:49:43.353797
New World,"Farmland Leg Ham Banquet Boneless

890g",,16.49,16.49,18.53,ea,0.0,0.0,,2026-05-10T09:49:43.383832
New World,"Tegel Free Range Meal Maker Shredded Roast Chicken

100g",,3.99,6.19,39.9,ea,2.2,35.5,Club Deal,2026-05-10T09:49:43.413342
New World,"Hellers Mild Chorizo

150g",,6.79,6.79,45.27,ea,0.0,0.0,,2026-05-10T09:49:43.443193
New World,"Unsliced Beef Fillet Steak

kg",,63.99,63.99,63.99,kg,0.0,0.0,,2026-05-10T09:49:43.469233
New World,"Hellers Classic Saveloys

1kg",,12.49,12.49,12.49,ea,0.0,0.0,,2026-05-10T09:49:43.498861
New World,"Hutton's Lite Ham & Chicken Flavoured Luncheon

500g",,8.15,8.15,16.3,ea,0.0,0.0,,2026-05-10T09:49:43.528678
New World,"Bluff Oysters

12pk",,3.91,46.99,,ea,43.08,91.7,Club Deal,2026-05-10T09:49:43.554517
New World,"Tegel Herb Crumbed Chicken Schnitzel

kg",,18.99,18.99,18.99,kg,0.0,0.0,Super Saver,2026-05-10T09:49:43.589307
New World,"Farmland Pastrami Thin Sliced Beef

100g",,7.59,7.59,75.9,ea,0.0,0.0,,2026-05-10T09:49:43.619155
New World,"Hellers Beef Flavoured Sausages

6pk",,6.99,6.99,,ea,0.0,0.0,,2026-05-10T09:49:43.649127
New World,"Pork Leg Steak

kg",,31.49,31.49,31.49,kg,0.0,0.0,,2026-05-10T09:49:43.675217
New World,"Pams Pork & Apple Sausages

6 x 75g",,11.05,11.05,24.56,ea,0.0,0.0,,2026-05-10T09:49:43.705156
New World,"Hellers Smoked Chicken Breast

300g",,12.99,14.99,43.3,ea,2.0,13.3,Club Deal,2026-05-10T09:49:43.730798
New World,"Country Pride Ham & Chicken Flavoured Premium Luncheon

200g",,5.69,5.69,28.45,ea,0.0,0.0,,2026-05-10T09:49:43.760654
New World,"Tegel Free Range Satay Flavoured Chicken Kebabs

6pk",,9.99,9.99,,ea,0.0,0.0,,2026-05-10T09:49:43.804266
New World,"Hellers Spicy Chorizo

150g",,6.79,6.79,45.27,ea,0.0,0.0,,2026-05-10T09:49:43.830702
New World,"Hellers Craft Venison Sausages

6pk",,10.99,10.99,,ea,0.0,0.0,,2026-05-10T09:49:43.856820
New World,"Verkerks Thin Sliced Italian Salami

100g",,3.89,4.49,38.9,ea,0.6,13.4,Club Deal,2026-05-10T09:49:43.886553
New World,"Tegel Free Range Honey Soy Chicken Kebabs

6pk",,9.99,9.99,,ea,0.0,0.0,,2026-05-10T09:50:01.758969
New World,"Pork Shoulder Rolled Roast

kg",,22.49,22.49,22.49,kg,0.0,0.0,,2026-05-10T09:50:01.786453
New World,"Bird & Barrow Chicken Tenderloins

kg",,26.99,26.99,26.99,kg,0.0,0.0,,2026-05-10T09:50:01.817461
New World,"Verkerks Peppered Hungarian Salami

200g",,11.29,11.29,56.45,ea,0.0,0.0,,2026-05-10T09:50:01.848392
New World,"Farmland Maple Ham

100g",,3.59,3.59,35.9,ea,0.0,0.0,,2026-05-10T09:50:01.874982
New World,"Hellers Shaved Smoked Chicken

200g",,5.99,6.99,29.95,ea,1.0,14.3,Club Deal,2026-05-10T09:50:01.906742
New World,"Blackball Salami Company Limited Beef Sausages

kg",,22.59,22.59,22.59,kg,0.0,0.0,,2026-05-10T09:50:01.937087
New World,"Boneless Pork Belly

kg",,29.49,29.49,29.49,kg,0.0,0.0,,2026-05-10T09:50:01.963739
New World,"Hellers FSNW Honey Baked Ham

kg",,19.29,19.29,19.29,kg,0.0,0.0,,2026-05-10T09:50:01.994234
New World,"Hellers Family Meatballs

400g",,8.99,8.99,20.83,ea,0.0,0.0,Club Deal,2026-05-10T09:50:02.040529
New World,"Hutton's Streaky Bacon

400g",,11.69,11.69,29.23,ea,0.0,0.0,,2026-05-10T09:50:02.071142
New World,"Hellers NZ Free Farmed Shaved Champagne Ham

100g",,4.49,5.29,44.9,ea,0.8,15.1,Club Deal,2026-05-10T09:50:02.100898
New World,"Tegel Free Range Chicken Luncheon

800g",,7.99,8.49,9.99,ea,0.5,5.9,Club Deal,2026-05-10T09:50:02.139350
New World,"Premium Pork Sausages

kg",,22.49,22.49,21.99,kg,0.0,0.0,Club Deal,2026-05-10T09:50:02.170237
New World,"Hellers Free Range Danish Streaky Bacon

250g",,12.99,12.99,51.96,ea,0.0,0.0,,2026-05-10T09:50:02.200549
New World,"NZ Chicken Legs

kg",,8.99,8.99,8.99,kg,0.0,0.0,Super Saver,2026-05-10T09:50:02.230563
New World,"Crumbed Pork Schnitzel

kg",,24.99,24.99,24.99,kg,0.0,0.0,,2026-05-10T09:50:02.264085
New World,"Verkerks Traditional Aged Chorizo Salami

200g",,11.29,11.29,56.45,ea,0.0,0.0,,2026-05-10T09:50:02.290318
New World,"Roast Pork

kg",,42.9,42.9,42.9,kg,0.0,0.0,,2026-05-10T09:50:02.316570
New World,"Bird & Barrow Chicken Thigh Fillet

kg",,28.99,28.99,28.99,kg,0.0,0.0,,2026-05-10T09:50:02.342462
New World,"Pams Finest Tasty Duo Smoked Prosciutto & Hot Italian Salami

80g",,8.99,12.45,112.38,ea,3.46,27.8,Club Deal,2026-05-10T09:50:02.373108
New World,"Tonzu Natural Herb Organic Vegetarian Sausages

300g",,9.49,10.39,3.16,ea,0.9,8.7,Club Deal,2026-05-10T09:50:02.406851
New World,"Leckies Saveloys Sausage

kg",,15.49,15.49,15.49,kg,0.0,0.0,,2026-05-10T09:50:02.436729
New World,"Tegel Free Range Meal Maker Sliced Cajun Chicken

260g",,12.79,12.79,49.19,ea,0.0,0.0,,2026-05-10T09:50:02.462976
New World,"Beard Brothers Old School Beef Sausages

500g",,12.09,12.09,24.18,ea,0.0,0.0,,2026-05-10T09:50:02.489304
New World,"Shore Mariner Seafood Marinara Mix

300g",,11.25,11.25,37.5,ea,0.0,0.0,,2026-05-10T09:50:02.515429
New World,"First Light Wagyu Beef Burgers

400g",,14.49,14.49,36.23,ea,0.0,0.0,,2026-05-10T09:50:02.541689
New World,"Sizzlers Original

450g",,5.99,6.99,13.31,ea,1.0,14.3,Club Deal,2026-05-10T09:50:02.567849
New World,"Hellers Craft Angus Beef & Garlic Sausages

6pk",,10.99,10.99,,ea,0.0,0.0,,2026-05-10T09:50:02.600222
New World,"Hellers Craft Lamb Burgers

4pk",,10.99,10.99,,ea,0.0,0.0,,2026-05-10T09:50:02.630458
New World,"Farmland Beef Thin Sliced Roast

100g",,7.59,7.59,75.9,ea,0.0,0.0,,2026-05-10T09:50:02.660490
New World,"Pestell's Dry Cured Manuka Smoked Streaky Bacon

250g",,9.79,9.79,39.16,ea,0.0,0.0,,2026-05-10T09:50:02.690264
New World,"Grandpa's Meat & Bacon Co. Manuka Smoked Streaky Bacon

1kg",,23.99,23.99,19.99,ea,0.0,0.0,Club Deal,2026-05-10T09:50:02.720112
New World,"Chicken Drumsticks

kg",,7.29,7.29,7.29,kg,0.0,0.0,,2026-05-10T09:50:02.753598
New World,"Silver Fern Farms Grass-Fed Venison Medallions

400g",,21.35,21.35,53.38,ea,0.0,0.0,,2026-05-10T09:50:02.783322
New World,"Hellers Pork Meatballs

400g",,10.99,10.99,27.48,ea,0.0,0.0,,2026-05-10T09:50:02.814474
New World,"Harris Farms Smokey T's Brisket n' Cheddar Sausage MAP

450g",,10.29,10.29,22.87,ea,0.0,0.0,,2026-05-10T09:50:02.844349
New World,"Pams Smokey Beef Sausages

6 x 75g",,11.69,11.69,25.98,ea,0.0,0.0,,2026-05-10T09:50:02.870460
New World,"Hellers Honey Cured Streaky Bacon

800g",,21.99,21.99,27.49,ea,0.0,0.0,,2026-05-10T09:50:02.897055
New World,"Hellers Craft Sliced Tandoori Chicken

250g",,10.99,12.99,43.96,ea,2.0,15.4,Club Deal,2026-05-10T09:50:02.926637
New World,"Verkerks Rookworst Authentic Dutch Smoked Sausage

300g",,10.49,10.49,34.97,ea,0.0,0.0,,2026-05-10T09:50:02.956959
New World,"Harris Farms Lamb Herb n Manuka Burgers

2 x 110g",,7.15,7.15,32.5,ea,0.0,0.0,,2026-05-10T09:50:02.982991
New World,"Pork Fillets

kg",,28.99,28.99,28.99,kg,0.0,0.0,,2026-05-10T09:50:03.009445
New World,"Tegel BBQ Chicken Thighs Cooked

kg",,19.9,19.9,19.9,kg,0.0,0.0,,2026-05-10T09:50:03.040863
New World,"Zamora Homemade Ltd Pork & Sage Sausages

350g",,14.69,14.69,41.97,ea,0.0,0.0,,2026-05-10T09:50:03.067160
New World,"Tegel Free Range Manuka Smoked Chicken Rashers

350g",,8.49,11.95,24.26,ea,3.46,29.0,Club Deal,2026-05-10T09:50:03.093001
New World,"Vegie Delights Hot Dogs

300g",,12.29,14.85,4.1,ea,2.56,17.2,Club Deal,2026-05-10T09:50:03.122718
New World,"Hutton's Shoulder Bacon

550g",,11.69,11.69,21.25,ea,0.0,0.0,,2026-05-10T09:50:03.152443
New World,"Bostock Brothers 100% Certified Organic Free Range Chicken Drumsticks

900g",,15.05,15.05,16.72,ea,0.0,0.0,,2026-05-10T09:50:03.182329
New World,"Pork Schnitzel

kg",,24.99,24.99,24.99,kg,0.0,0.0,,2026-05-10T09:50:03.212200
New World,"Verkerks Lean Pepperoni Salami

100g",,3.89,4.49,38.9,ea,0.6,13.4,Club Deal,2026-05-10T09:50:18.768291
New World,"Farmland Silverside Thin Sliced Corned

100g",,7.59,7.59,75.9,ea,0.0,0.0,,2026-05-10T09:50:18.798935
New World,"Tegel Free Range Meal Maker Shredded Sweet Chilli Chicken

100g",,3.99,6.19,39.9,ea,2.2,35.5,Club Deal,2026-05-10T09:50:18.829087
New World,"Silver Fern Farms Grass-Fed Venison Mince

500g",,14.55,14.55,29.1,ea,0.0,0.0,,2026-05-10T09:50:18.864726
New World,"Beef Minute Steak

kg",,25.49,25.49,25.49,kg,0.0,0.0,,2026-05-10T09:50:18.895063
New World,"Ghiotti Salame Milano

70g",,8.99,8.99,128.43,ea,0.0,0.0,,2026-05-10T09:50:18.925084
New World,"Hellers Craft Spanish Chorizo Sausages

200g",,5.99,6.99,29.95,ea,1.0,14.3,Club Deal,2026-05-10T09:50:18.954960
New World,"Farmland Beef Thin Sliced Hot

100g",,7.59,7.59,75.9,ea,0.0,0.0,,2026-05-10T09:50:18.985039
New World,"NZ Frenched Lamb Rack

kg",,56.99,56.99,56.99,kg,0.0,0.0,,2026-05-10T09:50:19.011165
New World,"Farmland Thin Sliced Hot Pork

100g",,7.59,7.59,75.9,ea,0.0,0.0,,2026-05-10T09:50:19.070678
New World,"Hellers Beef Burgers

6pk",,14.45,14.45,,ea,0.0,0.0,,2026-05-10T09:50:19.101691
New World,"Pams Finest Premium Cooked Jumbo Shrimp

500g",,21.99,21.99,43.98,ea,0.0,0.0,,2026-05-10T09:50:19.128262
New World,"Beef Rump Roast

kg",,34.49,34.49,34.49,kg,0.0,0.0,,2026-05-10T09:50:19.154446
New World,"Beef Ribeye Steak On The Bone

kg",,47.99,47.99,47.99,kg,0.0,0.0,,2026-05-10T09:50:19.185291
New World,"Premium NZ Angus Pure Beef Mince

kg",,31.99,31.99,31.99,kg,0.0,0.0,,2026-05-10T09:50:19.215401
New World,"Harris Farms North Canterbury Beef Burger Patties

480g",,12.99,12.99,27.06,ea,0.0,0.0,,2026-05-10T09:50:19.245233
New World,"Pams Precooked Cheese Sausages

1kg",,10.59,10.59,8.33,ea,0.0,0.0,Club Deal,2026-05-10T09:50:19.275062
New World,"Tegel Free Range Meal Maker Shredded Satay Flavoured Chicken

260g",,12.79,12.79,49.19,ea,0.0,0.0,,2026-05-10T09:50:19.306980
New World,"Tonzu Original High Protein Organic Tempeh

250g",,7.99,9.19,3.2,ea,1.2,13.1,Club Deal,2026-05-10T09:50:19.332862
New World,"Bird & Barrow Free Range Whole Chicken

kg",,11.25,11.25,11.25,kg,0.0,0.0,,2026-05-10T09:50:19.363224
New World,"Harris Farms Dry Cured Middle Eye Bacon

250g",,10.69,10.69,42.76,ea,0.0,0.0,,2026-05-10T09:50:19.393051
New World,"Silver Fern Farms Grass-Fed Venison Steaks

220g",,16.65,16.65,75.68,ea,0.0,0.0,,2026-05-10T09:50:19.423100
New World,"Harris Farms Free Farmed Loin Bacon

250g",,9.79,9.79,39.16,ea,0.0,0.0,,2026-05-10T09:50:19.453439
New World,"Tegel Free Range Crunchy Chicken Burgers

4pk",,9.99,9.99,,ea,0.0,0.0,,2026-05-10T09:50:19.486380
New World,"Tegel Free Range Chargrill Chicken Steaks

4pk",,9.99,9.99,,ea,0.0,0.0,,2026-05-10T09:50:19.512469
New World,"Farmland Cooked On The Bone Ham Third Cob

kg",,17.49,17.49,17.49,kg,0.0,0.0,,2026-05-10T09:50:19.538657
New World,"Beak & Sons Tender & Smoky Hickory BBQ Pork Ribs

kg",,24.45,24.45,24.45,kg,0.0,0.0,,2026-05-10T09:50:19.597828
New World,"Beak & Sons Chinese BBQ Pork Ribs

kg",,24.45,24.45,24.45,kg,0.0,0.0,,2026-05-10T09:50:19.623688
New World,"Tonzu Organic Vegan Sage & Onion Sausages

300g",,9.49,10.39,3.16,ea,0.9,8.7,Club Deal,2026-05-10T09:50:19.649630
New World,"Beehive Mild Salami Bites

150g",,5.19,6.99,34.6,ea,1.8,25.8,Club Deal,2026-05-10T09:50:19.679249
New World,"Bostock Brothers 100% Certified Organic Free Range Skinless Chicken Breast

kg",,33.99,33.99,33.99,kg,0.0,0.0,,2026-05-10T09:50:19.713816
New World,"NZ Lamb Leg Chops

kg",,28.99,28.99,28.99,kg,0.0,0.0,,2026-05-10T09:50:19.743518
New World,"Pams Crab Flavoured Sticks

245g",,4.89,4.89,19.96,ea,0.0,0.0,,2026-05-10T09:50:19.773419
New World,"Zamora Homemade Ltd German Bratwurst

450g",,15.55,15.55,34.56,ea,0.0,0.0,,2026-05-10T09:50:19.799507
New World,"Harris Farms Smokey T's Smokey BBQ Sausages MAP

450g",,10.29,10.29,22.87,ea,0.0,0.0,,2026-05-10T09:50:19.827007
New World,"Mega Chicken Thighs

kg",,11.99,11.99,11.99,ea,0.0,0.0,,2026-05-10T09:50:19.853084
New World,"Zamora Homemade Ltd The Criollo Sausages

450g",,15.55,15.55,34.56,ea,0.0,0.0,,2026-05-10T09:50:19.882924
New World,"Beehive Mild Biersticks

150g",,5.19,6.99,34.6,ea,1.8,25.8,Club Deal,2026-05-10T09:50:19.940139
New World,"Bostock Brothers 100% Certified Organic Free Range Chicken Nibbles

900g",,14.85,14.85,16.5,ea,0.0,0.0,,2026-05-10T09:50:19.973753
New World,"Beak & Sons Tender & Smoky Apple BBQ Pulled Pork

600g",,23.99,23.99,39.98,ea,0.0,0.0,,2026-05-10T09:50:20.003387
New World,"Beard Brothers Moroccan Inspired Beef & Spice Sausages

500g",,12.09,12.09,24.18,ea,0.0,0.0,,2026-05-10T09:50:20.029494
New World,"Pams Crab Flavoured Nuggets

200g",,4.89,4.89,24.45,ea,0.0,0.0,,2026-05-10T09:50:20.055476
New World,"NZ Pork Spare Ribs

kg",,24.99,24.99,24.99,kg,0.0,0.0,,2026-05-10T09:50:20.081409
New World,"Mega Beef Schnitzel

kg",,26.49,26.49,26.49,kg,0.0,0.0,,2026-05-10T09:50:20.107417
New World,"Pams Italian Pork Sausages

450g",,9.25,9.25,20.56,ea,0.0,0.0,,2026-05-10T09:50:20.138534
New World,"Bone Out Salmon Fillets

kg",,66.99,66.99,66.99,kg,0.0,0.0,,2026-05-10T09:50:20.164517
New World,"Ghiotti Soppressa Veneta

70g",,8.99,8.99,128.43,ea,0.0,0.0,,2026-05-10T09:50:20.194430
New World,"Ingham's Chicken Thigh Fillet Skin Off

kg",,26.29,26.29,26.29,kg,0.0,0.0,,2026-05-10T09:50:35.552218
New World,"Beehive Cheese Frankfurters

800g",,15.69,15.69,19.61,ea,0.0,0.0,,2026-05-10T09:50:35.582699
New World,"Beehive Hot Pepperoni Sticks

150g",,5.19,6.99,34.6,ea,1.8,25.8,Club Deal,2026-05-10T09:50:35.608979
New World,"Zamora Homemade Ltd Chilli Sausages

450g",,15.55,15.55,34.56,ea,0.0,0.0,,2026-05-10T09:50:35.643056
New World,"Harris Farms Dry Cured Streaky Bacon

250g",,11.49,11.99,45.96,ea,0.5,4.2,Club Deal,2026-05-10T09:50:35.669239
New World,"Henderson's Manuka Smoked Streaky Bacon

500g",,22.29,22.29,44.58,ea,0.0,0.0,,2026-05-10T09:50:35.704275
New World,"Stir Fry Pork

kg",,26.99,26.99,26.99,kg,0.0,0.0,,2026-05-10T09:50:35.734788
New World,"Fast Fry Beef Porterhouse Steak

kg",,36.99,36.99,36.99,kg,0.0,0.0,Super Saver,2026-05-10T09:50:35.764683
New World,"Ghiotti Chorizo Extra

70g",,8.99,8.99,128.43,ea,0.0,0.0,,2026-05-10T09:50:35.798576
New World,"Verkerks Pizza Salami

90g",,3.89,4.49,43.22,ea,0.6,13.4,Club Deal,2026-05-10T09:50:35.828362
New World,"Bird & Barrow Chicken Mince

kg",,27.99,27.99,27.99,kg,0.0,0.0,,2026-05-10T09:50:35.858176
New World,"Mega Crumbed Beef Schnitzel

kg",,26.49,26.49,26.49,kg,0.0,0.0,,2026-05-10T09:50:35.888578
New World,"Bostock Brothers 100% Certified Organic Free Range Whole Chicken

1.5kg",,29.39,29.39,19.59,ea,0.0,0.0,,2026-05-10T09:50:35.923981
New World,"First Light Premium Wagyu Beef Sausages

420g",,13.99,13.99,33.31,ea,0.0,0.0,,2026-05-10T09:50:35.954327
New World,"Bostock Brothers 100% Certified Organic Free Range Chicken Tenders

500g",,15.85,15.85,31.7,ea,0.0,0.0,,2026-05-10T09:50:35.980538
New World,Salmon Fillets Bone-In,,58.79,58.79,58.79,kg,0.0,0.0,,2026-05-10T09:50:36.010387
New World,"Tonzu Organic Vegan Garlic & Chilli Sausages

300g",,9.49,10.39,3.16,ea,0.9,8.7,Club Deal,2026-05-10T09:50:36.036237
New World,"Waitoa Free Range Diced Chicken Breast

450g",,14.19,14.19,18.52,ea,0.0,0.0,Club Deal,2026-05-10T09:50:36.065828
New World,"First Light Flat Iron Wagyu Beef Steak

250g",,11.99,12.79,47.96,ea,0.8,6.3,Club Deal,2026-05-10T09:50:36.113808
New World,"Beard Brothers Lekker Braai Boerewors

450g",,12.09,12.09,26.87,ea,0.0,0.0,,2026-05-10T09:50:36.147864
New World,"First Light Wagyu Beef Mince

400g",,11.99,12.39,29.98,ea,0.4,3.2,Club Deal,2026-05-10T09:50:36.175235
New World,"Hutton's 6 Pack Ham Steaks

500g",,9.19,9.19,16.67,ea,0.0,0.0,Club Deal,2026-05-10T09:50:36.208809
New World,"NZ Gravy Beef

kg",,34.59,34.59,34.59,kg,0.0,0.0,,2026-05-10T09:50:36.242526
New World,"Brinks Crumbed Chicken Tenderloins

kg",,23.99,23.99,23.99,kg,0.0,0.0,,2026-05-10T09:50:36.272417
New World,"Beak & Sons Tender & Saucy Bourbon Beef Brisket

600g",,24.99,24.99,41.65,ea,0.0,0.0,,2026-05-10T09:50:36.298767
New World,"Bird & Barrow Diced Chicken Breast

kg",,27.99,27.99,27.99,kg,0.0,0.0,,2026-05-10T09:50:36.324627
New World,"Point End Brisket

kg",,27.99,27.99,27.99,kg,0.0,0.0,,2026-05-10T09:50:36.354364
New World,"Grandpa's Meat & Bacon Co. Shoulder Bacon

200g",,4.99,4.99,24.95,ea,0.0,0.0,,2026-05-10T09:50:36.386114
New World,"First Light Slow Cooked Wagyu Beef Cheek

400g",,16.99,19.25,42.48,ea,2.26,11.7,Club Deal,2026-05-10T09:50:36.417739
New World,"Lamb Back Straps

kg",,53.99,53.99,53.99,kg,0.0,0.0,,2026-05-10T09:50:36.448496
New World,"Tegel Free Range Meal Maker Shredded Flame Grilled Style Chicken

100g",,3.99,6.19,39.9,ea,2.2,35.5,Club Deal,2026-05-10T09:50:36.478292
New World,"Waitoa Free Range Chicken Breast Mince

450g",,14.19,14.19,18.52,ea,0.0,0.0,Club Deal,2026-05-10T09:50:36.517997
New World,"Beef Shin On Bone

kg",,24.99,24.99,24.99,kg,0.0,0.0,,2026-05-10T09:50:36.552126
New World,"Turkish Kitchen Traditional Falafel With Cumin & Coriander

300g",,6.79,6.79,2.26,ea,0.0,0.0,,2026-05-10T09:50:36.582079
New World,"Plan*t Hemp Chick*n shredded Pieces

250g",,13.29,13.29,5.32,ea,0.0,0.0,,2026-05-10T09:50:36.609400
New World,"Martinez Salchichon Spanish Salami

90g",,5.69,5.69,63.22,ea,0.0,0.0,,2026-05-10T09:50:36.635567
New World,"Beak & Sons Mellow & Saucy Smoky Maple Pork Belly

600g",,21.69,23.25,36.15,ea,1.56,6.7,Club Deal,2026-05-10T09:50:36.661666
New World,"Beehive Mild Chorizo Sticks

150g",,5.19,6.99,34.6,ea,1.8,25.8,Club Deal,2026-05-10T09:50:36.691721
New World,"Fresh French Lamb Cutlets

kg",,56.99,56.99,56.99,kg,0.0,0.0,,2026-05-10T09:50:36.725841
New World,"First Light Wagyu Beef Meatballs

400g",,14.49,14.49,36.23,ea,0.0,0.0,,2026-05-10T09:50:36.785487
New World,"United Fish Co Oven Ready Coconut Crumbed Prawns

250g",,10.65,10.65,42.6,ea,0.0,0.0,,2026-05-10T09:50:36.811859
New World,"NZ Whole Beef Rump

kg",,33.89,33.89,33.89,kg,0.0,0.0,,2026-05-10T09:50:36.839792
New World,"Harris Farms Lamb, Herb n Manuka Sausages MAP

400g",,10.29,10.29,25.73,ea,0.0,0.0,,2026-05-10T09:50:36.869907
New World,"Canterbury Biltong Air-Dried Chilli Touch Of 'Whoa' Beef Snacks

100g",,10.99,12.59,109.9,ea,1.6,12.7,Club Deal,2026-05-10T09:50:36.895911
New World,"Hellers Shaved Silverside

kg",,39.9,39.9,39.9,kg,0.0,0.0,,2026-05-10T09:50:36.925877
New World,"Hellers 12 Classic Pre-Cooked Sausages

800g",,9.99,9.99,10.42,ea,0.0,0.0,Club Deal,2026-05-10T09:50:36.986018
New World,"Bird & Barrow Free Range Chicken Drums

kg",,12.99,12.99,12.99,kg,0.0,0.0,,2026-05-10T09:50:37.015785
New World,"Thomson West Coast Bacon Dry Cured & Smoked Streaky Bacon

250g",,8.49,8.49,33.96,ea,0.0,0.0,,2026-05-10T09:50:37.046957
New World,"Beef Ribeye Roast

kg",,49.5,49.5,49.5,kg,0.0,0.0,,2026-05-10T09:50:52.354654
New World,"Verkerks Marlborough Black Garlic Salami With Sundried Tomato

75g",,3.89,4.49,51.87,ea,0.6,13.4,Club Deal,2026-05-10T09:50:52.395204
New World,"Bostock Brothers 100% Certified Organic Free Range Chicken Mince

400g",,13.19,13.19,32.98,ea,0.0,0.0,,2026-05-10T09:50:52.429304
New World,"Martinez Picante Pepperoni Salami

90g",,5.69,5.69,63.22,ea,0.0,0.0,,2026-05-10T09:50:52.462360
New World,"Beef Tri Tip Rump Tails

kg",,33.99,33.99,33.99,kg,0.0,0.0,,2026-05-10T09:50:52.491625
New World,"Beard Brothers Pork & Spiced Apple Sausages

500g",,12.09,12.09,24.18,ea,0.0,0.0,,2026-05-10T09:50:52.521094
New World,"Beard Brothers Old School Venison Sausages

500g",,12.09,12.09,24.18,ea,0.0,0.0,,2026-05-10T09:50:52.550438
New World,"First Light Wagyu Beef Sliders

400g",,14.49,14.49,36.23,ea,0.0,0.0,,2026-05-10T09:50:52.579837
New World,"100% NZ Free Farmed Shaved Ham

kg",,37.9,37.9,37.9,kg,0.0,0.0,,2026-05-10T09:50:52.609657
New World,"Zamora Homemade Ltd Fennel Sausages

400g",,15.55,15.55,38.88,ea,0.0,0.0,,2026-05-10T09:50:52.644234
New World,"Beef Sirloin Roast

ea",,41.49,41.49,41.49,kg,0.0,0.0,,2026-05-10T09:50:52.673059
New World,"Grandpa's Meat & Bacon Co. Manuka Smoked Streaky Bacon

500g",,15.99,15.99,31.98,ea,0.0,0.0,,2026-05-10T09:50:52.706282
New World,"Diced Lamb

kg",,40.49,40.49,40.49,kg,0.0,0.0,,2026-05-10T09:50:52.738562
New World,"Hellers Streaky Bacon Strips

500g",,18.14,18.14,16.67,ea,0.0,0.0,Club Deal,2026-05-10T09:50:52.770713
New World,"First Light Perfectly Aged Wagyu Beef Ribeye

170g",,19.99,20.99,117.59,ea,1.0,4.8,Club Deal,2026-05-10T09:50:52.806554
New World,"Primo Smallgoods Kransky

200g",,5.49,6.65,27.45,ea,1.16,17.4,Club Deal,2026-05-10T09:50:52.842300
New World,"United Fish Co Oven Ready Salt & Pepper Battered Prawns

250g",,10.65,10.65,42.6,ea,0.0,0.0,,2026-05-10T09:50:52.876024
New World,"Turkish Kitchen Fresh Basil Falafel With Lime

300g",,6.79,6.79,2.26,ea,0.0,0.0,,2026-05-10T09:50:52.903790
New World,"Hellers Craft Sliced Barbecue Chicken

250g",,10.99,12.99,43.96,ea,2.0,15.4,Club Deal,2026-05-10T09:50:52.931437
New World,"Pams Spiced Beef Mini Meatballs

400g",,11.85,11.85,20.83,ea,0.0,0.0,Club Deal,2026-05-10T09:50:52.962713
New World,"United Fish Co Oven Ready Hot & Spicy Battered Prawns

250g",,10.65,10.65,42.6,ea,0.0,0.0,,2026-05-10T09:50:52.994552
New World,"Beard Brothers Beef & Blue Cheese Sausages

500g",,12.09,12.09,24.18,ea,0.0,0.0,,2026-05-10T09:50:53.021533
New World,"Waitoa Free Range Chicken Drumsticks

kg",,12.99,12.99,12.99,ea,0.0,0.0,,2026-05-10T09:50:53.049013
New World,"Plan*t Spicy Chorizo Sausages

275g",,11.95,11.95,4.35,ea,0.0,0.0,,2026-05-10T09:50:53.139090
New World,"Pams Sweet & Smokey Pork Mini Meatballs

400g",,11.85,11.85,20.83,ea,0.0,0.0,Club Deal,2026-05-10T09:50:53.233665
New World,"Plan*t Smokey Chipotle Burger Patties

230g",,9.99,9.99,4.34,ea,0.0,0.0,,2026-05-10T09:50:53.264891
New World,"Chicken Thighs

kg",,12.99,12.99,12.99,kg,0.0,0.0,,2026-05-10T09:50:53.291932
New World,"NZ Lamb Spare Ribs

kg",,27.99,27.99,27.99,kg,0.0,0.0,,2026-05-10T09:50:53.322793
New World,"Sealord Shrimp & Surimi Salad

kg",,19.99,19.99,19.99,kg,0.0,0.0,,2026-05-10T09:50:53.353653
New World,"Martinez Chorizo Extra Cured Sausages

120g",,7.35,7.35,61.25,ea,0.0,0.0,,2026-05-10T09:50:53.381873
New World,"Hellers Manuka Smoked Shoulder Bacon

600g",,9.99,9.99,16.65,ea,0.0,0.0,,2026-05-10T09:50:53.408967
New World,"NZ Chicken Livers

kg",,21.99,21.99,21.99,kg,0.0,0.0,,2026-05-10T09:50:53.439780
New World,"Blackball Salami Company Limited Garlic Sausages

kg",,22.59,22.59,22.59,kg,0.0,0.0,,2026-05-10T09:50:53.470690
New World,"Farmland Cooked Beef Tongue

kg",,67.9,67.9,67.9,kg,0.0,0.0,,2026-05-10T09:50:53.497980
New World,"Chicken Tenderloins

kg",,23.99,23.99,23.99,kg,0.0,0.0,,2026-05-10T09:50:53.524973
New World,"United Fish Co Tangyang Crispy Squid

400g",,13.05,13.05,32.63,ea,0.0,0.0,,2026-05-10T09:50:53.569088
New World,"First Light 21 Day Aged (At Least) Wagyu Beef Rump

250g",,15.79,15.79,63.16,ea,0.0,0.0,,2026-05-10T09:50:53.596398
New World,"Beard Brothers Rum & Que Pitmaster Series Pork Rib Rocker Sausages

500g",,12.09,12.09,24.18,ea,0.0,0.0,,2026-05-10T09:50:53.627534
New World,"Leckies Beef Flavoured Sausages

kg",,15.49,15.49,15.49,kg,0.0,0.0,,2026-05-10T09:50:53.653637
New World,"Shore Mariner Cooked Vannamei Whole Prawns

400g",,18.99,18.99,47.48,ea,0.0,0.0,,2026-05-10T09:50:53.679437
New World,"Beard Brothers Rum & Que Pitmaster Series Venison Ram Rod Sausages

500g",,12.09,12.09,24.18,ea,0.0,0.0,,2026-05-10T09:50:53.705290
New World,"Plan*t Rich Savoury Ground Mince

300g",,9.99,9.99,3.33,ea,0.0,0.0,,2026-05-10T09:50:53.731126
New World,"Harris Farms German Bratwurst

450g",,10.29,10.29,22.87,ea,0.0,0.0,,2026-05-10T09:50:53.757158
New World,"Martinez Pancetta Premium Bacon

90g",,8.05,8.05,89.44,ea,0.0,0.0,,2026-05-10T09:50:53.782911
New World,"Bostock Brothers 100% Certified Organic Free Range Chicken Livers

400g",,9.99,9.99,24.98,ea,0.0,0.0,,2026-05-10T09:50:53.812502
New World,"Shore Mariner Panko Crumbed Prawn Bites

375g",,10.99,14.89,29.31,ea,3.9,26.2,Club Deal,2026-05-10T09:50:53.846725
New World,"Shore Mariner Crumbed Formed Squid Rings

450g",,9.59,9.59,21.31,ea,0.0,0.0,,2026-05-10T09:50:53.876551
New World,"Premium Game Ltd Venison Leg Medallions

500g",,21.49,21.49,42.98,ea,0.0,0.0,,2026-05-10T09:51:10.465832
New World,"Silver Fern Farms New Zealand Grass-Fed Lamb Medallions

400g",,21.35,21.35,53.38,ea,0.0,0.0,,2026-05-10T09:51:10.496018
New World,"Plan*t Crispy Chick*n Burger Patties

230g",,9.99,9.99,4.34,ea,0.0,0.0,,2026-05-10T09:51:10.526154
New World,"Holland House Rollmops

500g",,10.55,10.55,21.1,ea,0.0,0.0,,2026-05-10T09:51:10.552322
New World,"Plan*t Tasty Sage & Onion Sausages

275g",,11.95,11.95,4.35,ea,0.0,0.0,,2026-05-10T09:51:10.578635
New World,"Holland House Bismark Herring

500g",,10.55,10.55,21.1,ea,0.0,0.0,,2026-05-10T09:51:10.604568
New World,"Verkerks Danish Salami

kg",,39.9,39.9,39.9,kg,0.0,0.0,,2026-05-10T09:51:10.630529
New World,"Thomson West Coast Bacon Tennessee Hog (Bourbon) Bacon

250g",,8.49,8.49,33.96,ea,0.0,0.0,,2026-05-10T09:51:10.658464
New World,"Verkerks Pepperoni

kg",,39.9,39.9,39.9,kg,0.0,0.0,,2026-05-10T09:51:10.688455
New World,"Farmland Cooked Hot Beef

kg",,59.9,59.9,59.9,kg,0.0,0.0,,2026-05-10T09:51:10.714590
New World,"Silver Fern Farms New Zealand Grass-Fed Beef Medallions

400g",,21.35,21.35,53.38,ea,0.0,0.0,,2026-05-10T09:51:10.740502
New World,"Sea Cuisine Vannamei 41/50 Whole Raw Prawns

0.8kg",,25.49,25.49,31.86,ea,0.0,0.0,,2026-05-10T09:51:10.770415
New World,"Nishin Indian Mackerel Fish

800g",,11.35,11.35,14.19,ea,0.0,0.0,,2026-05-10T09:51:10.800553
New World,"First Light Perfectly Aged Wagyu Beef Porterhouse

170g",,19.99,19.99,117.59,ea,0.0,0.0,,2026-05-10T09:51:10.830257
New World,"Thomson West Coast Bacon Dry Cure & Smoked Middle Bacon

500g",,15.49,15.49,30.98,ea,0.0,0.0,,2026-05-10T09:51:10.859904
New World,"Blackball Salami Company Limited Hungarian Sausages

kg",,24.58,24.58,24.58,kg,0.0,0.0,,2026-05-10T09:51:10.887764
New World,"De Gustibus Crudo Prosciutto

70g",,7.99,8.49,114.14,ea,0.5,5.9,Club Deal,2026-05-10T09:51:10.913957
New World,"United Fish Co Garlic & Herb Butterflied Prawns

800g",,29.89,29.89,37.36,ea,0.0,0.0,,2026-05-10T09:51:10.947401
New World,"Blackball Salami Company Limited Spicy Pork Sausages

kg",,23.43,23.43,23.43,kg,0.0,0.0,,2026-05-10T09:51:10.973184
New World,"Verkerks Italian Salami

kg",,39.9,39.9,39.9,kg,0.0,0.0,,2026-05-10T09:51:10.999255
New World,"Heavensent Meatless Vegetairian Dry Kofta Mix Meal Kit

220g",,8.19,8.19,3.72,ea,0.0,0.0,,2026-05-10T09:51:11.025198
New World,"Pestell's Middle Bacon

500g",,14.45,14.45,28.9,ea,0.0,0.0,,2026-05-10T09:51:11.051290
New World,"Quorn Meat -Free Sausages

336g",,12.19,12.19,3.63,ea,0.0,0.0,,2026-05-10T09:51:11.080933
New World,"Leckies Swiss Roll

kg",,16.39,16.39,16.39,kg,0.0,0.0,,2026-05-10T09:51:11.108258
New World,"Leckies White Pudding

kg",,20.99,20.99,20.99,kg,0.0,0.0,,2026-05-10T09:51:11.134523
New World,"Ceres Organics Lentil & Black Sesame Burger Mix

160g",,6.15,6.15,3.84,ea,0.0,0.0,,2026-05-10T09:51:11.160876
New World,"Ceres Organics Herb Fritter Mix

160g",,6.15,6.15,3.84,ea,0.0,0.0,,2026-05-10T09:51:11.186842
New World,"De Gustibus Prosciutto Smoked

70g",,8.49,8.49,121.29,ea,0.0,0.0,,2026-05-10T09:51:11.212731
New World,"Heavensent Meatless Vegetarian Mince Mix Meal Kit

220g",,8.19,8.19,3.72,ea,0.0,0.0,,2026-05-10T09:51:11.242319
New World,"Beard Brothers Moroccan Lamb Sausages

500g",,12.09,12.09,24.18,ea,0.0,0.0,,2026-05-10T09:51:11.268124
New World,"Casa Modena Pork Shank

650g",,17.99,17.99,27.68,ea,0.0,0.0,,2026-05-10T09:51:11.294153
New World,"Sea Breeze White Basa Fish Fillets Skinned & Boned

1kg",,12.49,12.49,12.49,ea,0.0,0.0,,2026-05-10T09:51:11.321549
New World,"Gianni Negrini Salame With Truffle

125g",,11.99,11.99,95.92,ea,0.0,0.0,,2026-05-10T09:51:11.351124
New World,"Gathered Game Wild Venison Garlic Pepper Salami

100g",,14.99,14.99,149.9,ea,0.0,0.0,,2026-05-10T09:51:11.380519
New World,"De Gustibus Salame Emiliano

70g",,6.99,7.99,99.86,ea,1.0,12.5,Club Deal,2026-05-10T09:51:11.406088
New World,"Pams Finest Fresh New Zealand Butterflied Whole Duck

1.5kg",,33.35,33.35,22.23,ea,0.0,0.0,,2026-05-10T09:51:11.439216
New World,"Shore Mariner Squid Tentacles

500g",,11.15,11.15,22.3,ea,0.0,0.0,,2026-05-10T09:51:11.468849
New World,"Shore Mariner Raw Vannamei 21/25 Prawn Cutlets

1kg",,34.79,34.79,34.79,ea,0.0,0.0,,2026-05-10T09:51:11.499527
New World,"Westhaven New Zealand Littleneck Clams

1kg",,23.29,23.29,23.29,ea,0.0,0.0,,2026-05-10T09:51:11.530346
New World,"De Gustibus Salame With Truffle

70g",,9.99,9.99,142.71,ea,0.0,0.0,,2026-05-10T09:51:11.556220
New World,"Gianni Negrini Salame With Garlic

125g",,10.69,12.99,85.52,ea,2.3,17.7,Club Deal,2026-05-10T09:51:11.585763
New World,"Gathered Game Wild Venison Smoked Paprika Salami

100g",,16.99,16.99,169.9,ea,0.0,0.0,,2026-05-10T09:51:11.619083
New World,"De Gustibus Chorizo

70g",,6.99,7.99,99.86,ea,1.0,12.5,Club Deal,2026-05-10T09:51:11.644710
New World,"Gathered Game Wild Venison Smoked Paprika Salami

100g",,16.99,16.99,169.9,ea,0.0,0.0,,2026-05-10T09:51:11.677818
New World,"De Gustibus Pancetta With Pepper

70g",,7.99,7.99,114.14,ea,0.0,0.0,,2026-05-10T09:51:11.703603
New World,"Hellers Craft Spanish Chorizo Smoked Sausages

450g",,11.99,11.99,18.52,ea,0.0,0.0,Club Deal,2026-05-10T09:51:11.732877
New World,"Plan*t Classic Grillhouse Burger Patties

230g",,9.99,9.99,4.34,ea,0.0,0.0,,2026-05-10T09:51:11.763730
New World,"Silver Fern Farms Honest Beef Burgers With A Touch Of Horopito Pepper

500g",,13.99,15.25,27.98,ea,1.26,8.3,Club Deal,2026-05-10T09:51:11.789464
New World,"Silver Fern Farms Honest Beef & Lamb Burgers With A Hint Of Manuka Smoked Salt

500g",,13.99,15.25,27.98,ea,1.26,8.3,Club Deal,2026-05-10T09:51:11.819083
New World,"De Gustibus Pepperoni Salame

100g",,7.99,7.99,79.9,ea,0.0,0.0,,2026-05-10T09:51:11.848582
New World,"Gianni Negrini Mild Strolghino Salame

125g",,10.69,11.99,85.52,ea,1.3,10.8,Club Deal,2026-05-10T09:51:27.806782
New World,"Gianni Negrini Salame With Chilli

125g",,10.69,11.99,85.52,ea,1.3,10.8,Club Deal,2026-05-10T09:51:27.840817
New World,"United Fish Co Seafood Salad Mix

1kg",,12.99,12.99,12.99,ea,0.0,0.0,,2026-05-10T09:51:27.874586
New World,"Tegel Free Range Oven Ready Sage & Onion Roast Fresh Chicken

1.5kg",,16.99,19.99,11.33,ea,3.0,15.0,Club Deal,2026-05-10T09:51:27.900832
New World,"Tegel Free Range Oven Ready Homestyle Fresh Chicken

1.5kg",,16.99,19.99,11.33,ea,3.0,15.0,Club Deal,2026-05-10T09:51:27.930894
New World,"Hellers Cheese Kranksy Smoked Sausages

450g",,11.99,11.99,18.52,ea,0.0,0.0,Club Deal,2026-05-10T09:51:27.961946
New World,"Thigh Cutlets

kg",,17.79,17.79,17.79,kg,0.0,0.0,,2026-05-10T09:51:27.991744
New World,"Hellers Craft Lil' Brats Chicken & Herb Sausage

450g",,8.49,9.99,18.87,ea,1.5,15.0,Club Deal,2026-05-10T09:51:28.021869
New World,"Hellers Jumbo Pre-Cooked Sausages

1.75kg",,23.65,23.65,13.51,ea,0.0,0.0,,2026-05-10T09:51:28.051751
New World,"Hellers Craft Lil' Brats Classic Sausage

450g",,8.49,9.99,18.87,ea,1.5,15.0,Club Deal,2026-05-10T09:51:28.077639
New World,"United Fish Co Tangyang Crispy Squid

400g",,13.05,13.05,32.63,ea,0.0,0.0,,2026-05-10T09:51:28.107687
New World,"Hutton's Shaved Manuka Smoked Leg Ham

300g",,6.49,6.49,21.63,ea,0.0,0.0,,2026-05-10T09:51:28.133726
New World,"Hellers Shredded Roast Chicken

250g",,10.99,12.99,43.96,ea,2.0,15.4,Club Deal,2026-05-10T09:51:28.165575
New World,"Hellers Sliced Roast Chicken

250g",,10.99,12.99,43.96,ea,2.0,15.4,Club Deal,2026-05-10T09:51:28.195350
New World,"Pams Honey Soy Chicken Kebabs

275g",,6.49,6.49,23.6,ea,0.0,0.0,,2026-05-10T09:51:28.237113
New World,"Pams Satay Chicken Kebabs

275g",,6.49,6.49,23.6,ea,0.0,0.0,,2026-05-10T09:51:28.267158
New World,"Tonzu Smokey BBQ Plant-Based Burger Patties

300g",,9.49,10.39,3.16,ea,0.9,8.7,Club Deal,2026-05-10T09:51:28.297022
New World,"Tonzu Smoky Horopito Plant-Based Chunky Sausages

300g",,9.49,10.39,3.16,ea,0.9,8.7,Club Deal,2026-05-10T09:51:28.327454
New World,"Harris Farms Pork Jalapeno 'n Cheddar Sausage

420g",,10.29,10.29,24.5,ea,0.0,0.0,,2026-05-10T09:51:28.357135
New World,"Pams Sage & Onion Stuffed Chicken Oven Ready

1.5kg",,14.99,18.79,9.99,ea,3.8,20.2,Club Deal,2026-05-10T09:51:28.396758
New World,"Pams Original Chicken Oven Ready

1.5kg",,14.99,18.79,9.99,ea,3.8,20.2,Club Deal,2026-05-10T09:51:28.431438
New World,"Hellers Craft Korean BBQ Pork Sausages

6pk",,10.99,10.99,,ea,0.0,0.0,,2026-05-10T09:51:28.461456
New World,"Pams Mexican Butterflied Chicken

1.35kg",,14.49,14.49,10.73,ea,0.0,0.0,,2026-05-10T09:51:28.491503
New World,"Pams Garlic Lemon & Herb Butterflied Chicken

1.35kg",,14.49,14.49,10.73,ea,0.0,0.0,,2026-05-10T09:51:28.517507
New World,"Pams Whole Chicken

1.35kg",,14.79,14.79,10.96,ea,0.0,0.0,,2026-05-10T09:51:28.543505
New World,"Silver Fern Farms Beef and Venison with Chilli and Lime Burgers

500g",,13.99,15.25,27.98,ea,1.26,8.3,Club Deal,2026-05-10T09:51:28.572948
New World,"Pams Spicy BBQ Pork Ribs

600g",,12.79,12.79,21.32,ea,0.0,0.0,,2026-05-10T09:51:28.602630
New World,"Pams Smoky BBQ Pork Ribs

600g",,12.79,12.79,21.32,ea,0.0,0.0,,2026-05-10T09:51:28.629912
New World,"Pams Chinese Style Pork Belly Bites

400g",,12.29,12.29,30.73,ea,0.0,0.0,,2026-05-10T09:51:28.656034
New World,"Beard Brothers Inspired Pork & Leek Sausages

500g",,12.09,12.09,24.18,ea,0.0,0.0,,2026-05-10T09:51:28.682443
New World,"Harris Farms Beef N Pork Mince

400g",,9.99,9.99,20.83,ea,0.0,0.0,Club Deal,2026-05-10T09:51:28.708357
New World,"Harris Farms Beef Mince

400g",,9.99,9.99,20.83,ea,0.0,0.0,Club Deal,2026-05-10T09:51:28.737845
New World,"Harris Farms Pork Mince

400g",,9.99,9.99,20.83,ea,0.0,0.0,Club Deal,2026-05-10T09:51:28.771065
New World,"Harris Farms Beef Burger Patties MAP

320g",,10.49,10.49,26.04,ea,0.0,0.0,Club Deal,2026-05-10T09:51:28.804341
New World,"John West Chunk Style Tuna In Olive Oil Blend

12 x 95g",,20.79,20.79,18.24,ea,0.0,0.0,,2026-05-10T09:51:28.834831
New World,"Tegel Free Range New Zealand Chicken Mince

500g",,11.49,11.49,22.98,ea,0.0,0.0,,2026-05-10T09:51:28.865896
New World,"Hellers Beef Mince

380g",,10.99,10.99,21.93,ea,0.0,0.0,Club Deal,2026-05-10T09:51:28.895796
New World,"Hellers Pork Mince

400g",,10.99,10.99,20.83,ea,0.0,0.0,Club Deal,2026-05-10T09:51:28.925310
New World,"Fry's Plant-Based Vegan Steak-style Strips

250g",,11.19,11.19,4.48,ea,0.0,0.0,,2026-05-10T09:51:29.043906
New World,"Fry's Plant-Based Vegan Smoked Hot Dogs

240g",,11.19,11.19,4.66,ea,0.0,0.0,,2026-05-10T09:51:29.069700
New World,"Fry's Plant-Based Vegan Popcorn Chick'n

270g",,11.19,11.19,4.14,ea,0.0,0.0,,2026-05-10T09:51:29.096811
New World,"Fry's Plant-Based Vegan Homestyle Chick'n Burgers

320g",,11.19,11.19,3.5,ea,0.0,0.0,,2026-05-10T09:51:29.122577
New World,"Fry's Plant-Based Vegan Chick'n-style Strips

250g",,11.19,11.19,4.48,ea,0.0,0.0,,2026-05-10T09:51:29.148546
New World,"Tegel Free Range New Zealand Chicken Original Sausages

6pk",,7.69,7.69,,ea,0.0,0.0,,2026-05-10T09:51:29.174484
New World,"Tegel Free Range New Zealand Chicken Garlic & Herb Sausages

6pk",,7.69,7.69,,ea,0.0,0.0,,2026-05-10T09:51:29.200229
New World,"Tegel Free Range New Zealand Chicken Classic Cheese Sausages

6pk",,7.69,7.69,,ea,0.0,0.0,,2026-05-10T09:51:29.226404
New World,"Beard Brothers Precooked Sausages

1kg",,14.75,14.75,14.75,ea,0.0,0.0,,2026-05-10T09:51:29.252368
New World,"Waitoa Sweet & Smoky The Chicken Rub Free Range Butterflied Chicken

1.1kg",,15.39,15.39,13.99,ea,0.0,0.0,,2026-05-10T09:51:46.522475
New World,"Primo Smallgoods Danish Salami

200g",,10.49,10.49,52.45,ea,0.0,0.0,,2026-05-10T09:51:46.553032
New World,"Primo Smallgoods Hot Sopressa Salami

200g",,10.49,10.49,52.45,ea,0.0,0.0,,2026-05-10T09:51:46.579156
New World,"Primo Smallgoods Pepperoni Salami

200g",,10.49,10.49,52.45,ea,0.0,0.0,,2026-05-10T09:51:46.605728
New World,"Tegel Take Outs Louisiana Style Free Range Chicken Burgers

4pk",,9.99,9.99,,ea,0.0,0.0,,2026-05-10T09:51:46.633741
New World,"Hellers Craft Beer & Porter Sausages

6pk",,10.99,10.99,,ea,0.0,0.0,,2026-05-10T09:51:46.663774
New World,"Hellers Craft Homegrown Lamb Sausages

6pk",,10.99,10.99,,ea,0.0,0.0,,2026-05-10T09:51:46.693581
New World,"Mince Pork

kg",,22.89,22.89,22.89,ea,0.0,0.0,,2026-05-10T09:51:46.723625
New World,"Pams Value Raw Prawn Meat Pieces

500g",,9.99,12.35,19.98,ea,2.36,19.1,Club Deal,2026-05-10T09:51:46.753171
New World,"Silver Fern Farms Honest Beef Burgers With Smokey Caramelised Onion

500g",,13.99,15.25,27.98,ea,1.26,8.3,Club Deal,2026-05-10T09:51:46.786509
New World,"Pams Angus Beef Burger Patties

400g",,13.09,13.09,32.73,ea,0.0,0.0,,2026-05-10T09:51:46.816475
New World,"Bird & Barrow Free Range Cheese Crumb Schnitzel

kg",,27.49,27.49,27.49,kg,0.0,0.0,,2026-05-10T09:51:46.847881
New World,"Bird & Barrow Free Range Rosemary Ciabatta Crumb Schnitzel

kg",,27.49,27.49,27.49,kg,0.0,0.0,,2026-05-10T09:51:46.874424
New World,"Pams Shredded Roast Chicken

260g",,9.25,9.25,35.58,ea,0.0,0.0,,2026-05-10T09:51:46.900374
New World,"Pams Sliced Cajun Chicken

260g",,9.25,9.25,35.58,ea,0.0,0.0,,2026-05-10T09:51:46.926377
New World,"Hawkes Bay Sausage Company Pork Sausages

kg",,15.79,15.79,15.79,kg,0.0,0.0,,2026-05-10T09:51:46.952388
New World,"Hawkes Bay Sausage Company Beef Sausages

kg",,15.79,15.79,15.79,kg,0.0,0.0,,2026-05-10T09:51:46.978181
New World,"Hawkes Bay Sausage Company Venison Sausages

kg",,15.79,15.79,15.79,kg,0.0,0.0,,2026-05-10T09:51:47.004094
New World,"Pams Shaved Beef Pastrami

100g",,4.99,4.99,49.9,ea,0.0,0.0,,2026-05-10T09:51:47.138363
New World,"On The Menu Pub Faves Roast Beef

320g",,9.85,9.85,3.08,ea,0.0,0.0,,2026-05-10T09:51:47.164025
New World,"Hellers Craft Shredded Kentucky Chicken

250g",,10.99,12.99,43.96,ea,2.0,15.4,Club Deal,2026-05-10T09:51:47.189665
New World,"Harris Farms Beef Meatballs

360g",,10.69,10.69,29.69,ea,0.0,0.0,,2026-05-10T09:51:47.218868
New World,"Hawkes Bay Sausage Company Beef Sage & Onion Sausages

kg",,16.58,16.58,16.58,kg,0.0,0.0,,2026-05-10T09:51:47.244821
New World,"Hawkes Bay Sausage Company Lamb & Mint Sausages

kg",,16.58,16.58,16.58,kg,0.0,0.0,,2026-05-10T09:51:47.270884
New World,"First Light Wagyu Beef Brisket Manuka Smoked BBQ Wagyu Beef Brisket

350g",,16.99,19.25,48.54,ea,2.26,11.7,Club Deal,2026-05-10T09:51:47.298213
New World,"Pams Frankfurters

1kg",,9.99,9.99,9.99,ea,0.0,0.0,,2026-05-10T09:51:47.328044
New World,"Southern Ocean New Zealand King Salmon Pieces

150g",,13.49,13.49,89.93,ea,0.0,0.0,,2026-05-10T09:51:47.355435
PAK'nSAVE,"Prime Beef Mince

kg",,21.99,21.99,21.99,kg,0.0,0.0,,2026-05-10T09:52:17.146110
PAK'nSAVE,"NZ Chicken Drumsticks Marinated

kg",,6.79,6.79,6.79,kg,0.0,0.0,,2026-05-10T09:52:17.177677
PAK'nSAVE,"NZ Premium Beef Mince

kg",,26.99,26.99,26.99,kg,0.0,0.0,,2026-05-10T09:52:17.205747
PAK'nSAVE,"Beef Rump Steak

kg",,33.99,33.99,33.99,kg,0.0,0.0,,2026-05-10T09:52:17.233230
PAK'nSAVE,"Lamb Leg Roast

kg",,24.99,24.99,24.99,kg,0.0,0.0,,2026-05-10T09:52:17.261110
PAK'nSAVE,"Pork Leg

kg",,11.59,11.59,11.59,kg,0.0,0.0,,2026-05-10T09:52:17.289185
PAK'nSAVE,"NZ Pork Shoulder Roast

kg",,9.79,9.79,9.79,kg,0.0,0.0,EXTRA,2026-05-10T09:52:17.317532
PAK'nSAVE,"Bulk Beef Steak Mince

kg",,20.99,20.99,20.99,kg,0.0,0.0,,2026-05-10T09:52:17.348999
PAK'nSAVE,"Beehive Shoulder Bacon

200g",,3.49,3.49,17.45,ea,0.0,0.0,EXTRA,2026-05-10T09:52:17.378481
PAK'nSAVE,"NZ Pork Loin Chops

kg",,15.79,15.79,15.79,kg,0.0,0.0,,2026-05-10T09:52:17.409426
PAK'nSAVE,"Lamb Shoulder Chops

kg",,18.99,18.99,18.99,kg,0.0,0.0,,2026-05-10T09:52:17.436050
PAK'nSAVE,"Pams Streaky Bacon

250g",,5.99,5.99,23.96,ea,0.0,0.0,EVERYDAY,2026-05-10T09:52:17.464038
PAK'nSAVE,"NZ Beef Porterhouse Steak

kg",,40.99,40.99,40.99,kg,0.0,0.0,,2026-05-10T09:52:17.495084
PAK'nSAVE,"NZ Pork Mince

kg",,17.99,17.99,17.99,kg,0.0,0.0,EXTRA,2026-05-10T09:52:17.522586
PAK'nSAVE,"Beehive Shaved Champagne Ham

100g",,3.39,3.39,33.9,ea,0.0,0.0,EXTRA,2026-05-10T09:52:17.554093
PAK'nSAVE,"Vacuum Packed Whole Lamb Leg

kg",,23.99,23.99,23.99,kg,0.0,0.0,,2026-05-10T09:52:17.585180
PAK'nSAVE,"Beef Scotch Fillet Steak

kg",,48.99,48.99,48.99,kg,0.0,0.0,,2026-05-10T09:52:17.611316
PAK'nSAVE,"Skinless Chicken Breast Fillets

kg",,14.29,14.29,14.29,kg,0.0,0.0,EXTRA,2026-05-10T09:52:17.644851
PAK'nSAVE,"Beehive Shaved Honey Baked Ham

100g",,4.39,4.39,43.9,ea,0.0,0.0,,2026-05-10T09:52:17.675166
PAK'nSAVE,"Chicken Drumsticks

kg",,6.79,6.79,6.79,kg,0.0,0.0,EXTRA,2026-05-10T09:52:17.703408
PAK'nSAVE,"Bulk Lamb Shoulder Chops

kg",,18.99,18.99,18.99,kg,0.0,0.0,,2026-05-10T09:52:17.733787
PAK'nSAVE,"Bulk Chicken Drumsticks

kg",,6.79,6.79,6.79,kg,0.0,0.0,EXTRA,2026-05-10T09:52:17.757313
PAK'nSAVE,"Tegel Premier Thighs Semi-Boned

kg",,16.49,16.49,16.49,kg,0.0,0.0,,2026-05-10T09:52:17.787500
PAK'nSAVE,"Medallion Middle Bacon

800g",,12.99,12.99,16.24,ea,0.0,0.0,,2026-05-10T09:52:17.814662
PAK'nSAVE,"Beehive Shaved Champagne Ham

200g",,5.49,5.49,27.45,ea,0.0,0.0,EXTRA,2026-05-10T09:52:17.841897
PAK'nSAVE,"Beehive Streaky Bacon

800g",,15.99,15.99,19.99,ea,0.0,0.0,EXTRA,2026-05-10T09:52:17.873099
PAK'nSAVE,"Country Pride Shaved Leg Ham

200g",,4.85,4.85,24.25,ea,0.0,0.0,,2026-05-10T09:52:17.905573
PAK'nSAVE,"Ingham's Garlic & Herb Butterfly Chicken

1.1kg",,11.99,11.99,10.9,ea,0.0,0.0,EXTRA,2026-05-10T09:52:17.932634
PAK'nSAVE,"Pork Bones

kg",,7.99,7.99,7.99,kg,0.0,0.0,,2026-05-10T09:52:17.973703
PAK'nSAVE,"Verkerks Danish Salami

100g",,3.75,3.75,37.5,ea,0.0,0.0,EXTRA,2026-05-10T09:52:18.001332
PAK'nSAVE,"NZ Beef Schnitzel

kg",,26.49,26.49,26.49,kg,0.0,0.0,,2026-05-10T09:52:18.027512
PAK'nSAVE,"Tegel Fresh Whole Chicken

1.7kg",,14.79,14.79,8.7,ea,0.0,0.0,EXTRA,2026-05-10T09:52:18.055006
PAK'nSAVE,"Pieter's Dutch Salami

250g",,5.85,5.85,23.4,ea,0.0,0.0,EXTRA,2026-05-10T09:52:18.086865
PAK'nSAVE,"Sizzlers Double Cheese

450g",,5.39,5.39,11.98,ea,0.0,0.0,EXTRA,2026-05-10T09:52:18.114191
PAK'nSAVE,"Hellers Trusty BBQ Pre-Cooked Sausages

1kg",,11.99,11.99,11.99,ea,0.0,0.0,,2026-05-10T09:52:18.143074
PAK'nSAVE,"Hellers Ol' Smokey Streaky Bacon

800g",,19.79,19.79,24.74,ea,0.0,0.0,,2026-05-10T09:52:18.165543
PAK'nSAVE,"Verkerks Pepperoni Salami

100g",,3.75,3.75,37.5,ea,0.0,0.0,EXTRA,2026-05-10T09:52:18.192442
PAK'nSAVE,"Hellers Shaved Manuka Smoked Ham

200g",,5.39,5.39,26.95,ea,0.0,0.0,EXTRA,2026-05-10T09:52:18.219452
PAK'nSAVE,"Verkerks Italian Salami

100g",,3.75,3.75,37.5,ea,0.0,0.0,EXTRA,2026-05-10T09:52:18.250992
PAK'nSAVE,"Bulk Chicken Nibbles

kg",,9.99,9.99,9.99,kg,0.0,0.0,EXTRA,2026-05-10T09:52:18.278216
PAK'nSAVE,"Verkerks Dutch Salami

100g",,3.75,3.75,37.5,ea,0.0,0.0,EXTRA,2026-05-10T09:52:18.308982
PAK'nSAVE,"Hellers Shaved Manuka Smoked Ham

100g",,3.79,3.79,37.9,ea,0.0,0.0,,2026-05-10T09:52:18.335057
PAK'nSAVE,"Hellers Shaved Champagne Leg Ham

100g",,3.79,3.79,37.9,ea,0.0,0.0,,2026-05-10T09:52:18.362780
PAK'nSAVE,"Hellers Chunky Cheese Sausages

1kg",,11.79,11.79,11.79,ea,0.0,0.0,EXTRA,2026-05-10T09:52:18.389798
PAK'nSAVE,"Beehive Streaky Bacon

250g",,7.99,7.99,31.96,ea,0.0,0.0,EXTRA,2026-05-10T09:52:18.416851
PAK'nSAVE,"Hellers Shaved Honey Baked Ham

100g",,3.79,3.79,37.9,ea,0.0,0.0,,2026-05-10T09:52:18.446142
PAK'nSAVE,"Pieter's Pepperoni Salami

250g",,5.85,5.85,23.4,ea,0.0,0.0,EXTRA,2026-05-10T09:52:18.473409
PAK'nSAVE,"Beef Soup Bones

kg",,6.99,6.99,6.99,kg,0.0,0.0,,2026-05-10T09:52:18.498883
PAK'nSAVE,"Hellers Chinese Honey Sausages

1kg",,11.79,11.79,11.79,ea,0.0,0.0,EXTRA,2026-05-10T09:52:18.525638
PAK'nSAVE,"Hellers Sausage Meat

450g",,5.99,5.99,13.31,ea,0.0,0.0,EXTRA,2026-05-10T09:52:18.552162
PAK'nSAVE,"Pieter's Danish Salami

250g",,5.85,5.85,23.4,ea,0.0,0.0,EXTRA,2026-05-10T09:52:34.469429
PAK'nSAVE,"Boneless Chicken Thigh Fillets

kg",,17.79,17.79,17.79,kg,0.0,0.0,EXTRA,2026-05-10T09:52:34.500579
PAK'nSAVE,"Beehive Shaved Honey Baked Ham

200g",,5.49,5.49,27.45,ea,0.0,0.0,EXTRA,2026-05-10T09:52:34.534023
PAK'nSAVE,"Hellers Manuka Smoked Streaky Bacon

250g",,5.49,5.49,21.96,ea,0.0,0.0,EXTRA,2026-05-10T09:52:34.580739
PAK'nSAVE,"NZ Chicken Necks

kg",,6.49,6.49,6.49,kg,0.0,0.0,,2026-05-10T09:52:34.611756
PAK'nSAVE,"Pieter's Italian Salami

250g",,5.85,5.85,23.4,ea,0.0,0.0,EXTRA,2026-05-10T09:52:34.639156
PAK'nSAVE,"Hellers Cocktail Saveloys

kg",,13.99,13.99,13.99,kg,0.0,0.0,,2026-05-10T09:52:34.665361
PAK'nSAVE,"Wilson Hellaby Corned Silverside

kg",,19.99,19.99,19.99,kg,0.0,0.0,,2026-05-10T09:52:34.687529
PAK'nSAVE,"Verkerks Mild Dutch Lunchbox Salami

100g",,3.75,3.75,37.5,ea,0.0,0.0,EXTRA,2026-05-10T09:52:34.715635
PAK'nSAVE,"Lamb Loin Chops

kg",,28.99,28.99,28.99,kg,0.0,0.0,,2026-05-10T09:52:34.741923
PAK'nSAVE,"Farmland Shaved Ham Medium Pre-Packed

kg",,20.9,20.9,20.9,kg,0.0,0.0,EXTRA,2026-05-10T09:52:34.768813
PAK'nSAVE,"Hellers Manuka Smoked Streaky Bacon

800g",,19.79,19.79,24.74,ea,0.0,0.0,,2026-05-10T09:52:34.797977
PAK'nSAVE,"NZ Pork Slices

kg",,26.39,26.39,26.39,kg,0.0,0.0,,2026-05-10T09:52:34.823547
PAK'nSAVE,"Chicken Frames

kg",,7.99,7.99,7.99,kg,0.0,0.0,,2026-05-10T09:52:34.848985
PAK'nSAVE,"Pams Streaky Bacon

500g",,10.89,10.89,21.78,ea,0.0,0.0,,2026-05-10T09:52:34.874707
PAK'nSAVE,"Hellers Shaved Champagne Ham

200g",,5.39,5.39,26.95,ea,0.0,0.0,EXTRA,2026-05-10T09:52:34.901100
PAK'nSAVE,"Waitoa Manuka Honey & Rosemary Chicken

1.1kg",,14.49,14.49,13.17,ea,0.0,0.0,,2026-05-10T09:52:34.930041
PAK'nSAVE,"Crumbed Beef Schnitzel

kg",,26.49,26.49,26.49,kg,0.0,0.0,,2026-05-10T09:52:34.956829
PAK'nSAVE,"Chicken Nibbles

kg",,12.29,12.29,12.29,kg,0.0,0.0,,2026-05-10T09:52:34.978579
PAK'nSAVE,"Crumbed Chicken Breast Schnitzel

kg",,20.79,20.79,20.79,kg,0.0,0.0,,2026-05-10T09:52:35.003968
PAK'nSAVE,"NZ Pork Shoulder Chops

kg",,14.99,14.99,14.99,kg,0.0,0.0,,2026-05-10T09:52:35.029420
PAK'nSAVE,"Bulk Beef Rump Steak

kg",,33.99,33.99,33.99,kg,0.0,0.0,,2026-05-10T09:52:35.055258
PAK'nSAVE,"Verkerks Chorizo Salami

100g",,3.75,3.75,37.5,ea,0.0,0.0,EXTRA,2026-05-10T09:52:35.081820
PAK'nSAVE,"Waitoa Fresh Whole Chicken Bag

kg",,11.99,11.99,11.99,kg,0.0,0.0,,2026-05-10T09:52:35.107263
PAK'nSAVE,"Hellers Manuka Smoked Rasher Bacon

800g",,14.99,14.99,18.74,ea,0.0,0.0,EXTRA,2026-05-10T09:52:35.133716
PAK'nSAVE,"Beehive Mini Cheese Kransky Sausages

800g",,13.85,13.85,17.31,ea,0.0,0.0,,2026-05-10T09:52:35.164786
PAK'nSAVE,"Hellers Sliced Champagne Leg Ham

kg",,23.9,23.9,23.9,kg,0.0,0.0,,2026-05-10T09:52:35.186739
PAK'nSAVE,"Ingham's Butterfly Chicken Tandoori

1.1kg",,11.99,11.99,10.9,ea,0.0,0.0,EXTRA,2026-05-10T09:52:35.213321
PAK'nSAVE,"Pieter's Spanish Chorizo Salami

250g",,5.85,5.85,23.4,ea,0.0,0.0,EXTRA,2026-05-10T09:52:35.243651
PAK'nSAVE,"Hellers Craft Angus Beef Burgers

4pk",,9.79,9.79,,ea,0.0,0.0,EXTRA,2026-05-10T09:52:35.270246
PAK'nSAVE,"Pams Shoulder Bacon

400g",,6.29,6.29,15.73,ea,0.0,0.0,EVERYDAY,2026-05-10T09:52:35.296628
PAK'nSAVE,"NZ Fresh Bone-In Pork Belly

kg",,24.89,24.89,24.89,kg,0.0,0.0,,2026-05-10T09:52:35.325552
PAK'nSAVE,"Hellers Frankfurters Sausages

kg",,14.99,14.99,14.99,kg,0.0,0.0,,2026-05-10T09:52:35.350919
PAK'nSAVE,"Hellers Cheese & Bacon Sausages

1kg",,11.79,11.79,11.79,ea,0.0,0.0,EXTRA,2026-05-10T09:52:35.374891
PAK'nSAVE,"Hellers Sliced Pepperoni Salami

100g",,3.79,3.79,37.9,ea,0.0,0.0,,2026-05-10T09:52:35.400344
PAK'nSAVE,"Hellers Classic Family Cheerios

1kg",,11.99,11.99,11.99,ea,0.0,0.0,,2026-05-10T09:52:35.422095
PAK'nSAVE,"Hellers Sliced Danish Salami

100g",,3.79,3.79,37.9,ea,0.0,0.0,,2026-05-10T09:52:35.443979
PAK'nSAVE,"Plain Pack Shaved Deli Ham Small Pack

kg",,19.9,19.9,19.9,kg,0.0,0.0,,2026-05-10T09:52:35.465525
PAK'nSAVE,"Verkerks Mild Salami Sticks

150g",,4.49,4.49,29.93,ea,0.0,0.0,EXTRA,2026-05-10T09:52:35.491845
PAK'nSAVE,"Verkerks Lean Danish Salami

100g",,3.75,3.75,37.5,ea,0.0,0.0,EXTRA,2026-05-10T09:52:35.518969
PAK'nSAVE,"Hellers New Yorker Porker Sausages

6pk",,9.99,9.99,,ea,0.0,0.0,,2026-05-10T09:52:35.544244
PAK'nSAVE,"Ingham's Loose Chicken Nibbles

kg",,12.29,12.29,12.29,kg,0.0,0.0,,2026-05-10T09:52:35.565837
PAK'nSAVE,"Beef Bones

kg",,5.49,5.49,5.49,kg,0.0,0.0,,2026-05-10T09:52:35.593465
PAK'nSAVE,"Hellers Gluten Free Original Sausages

1kg",,11.79,11.79,11.79,ea,0.0,0.0,EXTRA,2026-05-10T09:52:35.616596
PAK'nSAVE,"Beehive Shaved Peppered Ham

100g",,4.39,4.39,43.9,ea,0.0,0.0,,2026-05-10T09:52:35.642040
PAK'nSAVE,"Hellers Craft Angus Beef Sausages

6pk",,9.79,9.79,,ea,0.0,0.0,EXTRA,2026-05-10T09:52:35.668592
PAK'nSAVE,"Hellers Manuka Smoked Bacon Pieces

500g",,5.99,5.99,11.98,ea,0.0,0.0,EXTRA,2026-05-10T09:52:35.695071
PAK'nSAVE,"NZ Beef Bolar Roast

kg",,28.49,28.49,28.49,kg,0.0,0.0,,2026-05-10T09:52:35.724027
PAK'nSAVE,"Grandpa's Meat & Bacon Co. Manuka Smoked Streaky Bacon

1kg",,17.49,17.49,17.49,ea,0.0,0.0,EXTRA,2026-05-10T09:52:35.750362
PAK'nSAVE,"Hellers Genuine Pork Sausages

6pk",,9.99,9.99,,ea,0.0,0.0,,2026-05-10T09:52:35.779223
PAK'nSAVE,"Pams Middle Bacon

350g",,6.29,6.29,17.97,ea,0.0,0.0,EVERYDAY,2026-05-10T09:52:52.602889
PAK'nSAVE,"Tegel Free Range Meal Maker Shredded Roast Chicken

260g",,9.49,9.49,36.5,ea,0.0,0.0,EXTRA,2026-05-10T09:52:52.636714
PAK'nSAVE,"Value Pre-Cooked Sausages

35pk",,19.49,19.49,,ea,0.0,0.0,,2026-05-10T09:52:52.666774
PAK'nSAVE,"Lamb Steak

kg",,29.99,29.99,29.99,kg,0.0,0.0,EXTRA,2026-05-10T09:52:52.690009
PAK'nSAVE,"Hellers Crafty Cooks Bacon Strips

200g",,5.39,5.39,26.95,ea,0.0,0.0,EXTRA,2026-05-10T09:52:52.721048
PAK'nSAVE,"Tegel Herb Crumbed Chicken Schnitzel

kg",,20.79,20.79,20.79,kg,0.0,0.0,,2026-05-10T09:52:52.750863
PAK'nSAVE,"Bulk Porterhouse Steak

kg",,40.99,40.99,40.99,kg,0.0,0.0,,2026-05-10T09:52:52.772697
PAK'nSAVE,"Hellers Sliced Ham & Chicken

kg",,14.9,14.9,14.9,kg,0.0,0.0,,2026-05-10T09:52:52.798568
PAK'nSAVE,"Beehive Cocktails

1kg",,13.85,13.85,13.85,ea,0.0,0.0,,2026-05-10T09:52:52.821813
PAK'nSAVE,"Boneless Pork Belly

kg",,28.49,28.49,28.49,kg,0.0,0.0,,2026-05-10T09:52:52.843935
PAK'nSAVE,"Hellers Craft Old Fashioned Beef Sausages

6pk",,9.79,9.79,,ea,0.0,0.0,EXTRA,2026-05-10T09:52:52.870748
PAK'nSAVE,"NZ Beef Chuck Steak

kg",,22.99,22.99,22.99,kg,0.0,0.0,EXTRA,2026-05-10T09:52:52.898413
PAK'nSAVE,"NZ Stir Fry Beef

kg",,25.99,25.99,25.99,kg,0.0,0.0,EXTRA,2026-05-10T09:52:52.928719
PAK'nSAVE,"Pams Streaky Bacon

1kg",,21.49,21.49,21.49,ea,0.0,0.0,,2026-05-10T09:52:52.958123
PAK'nSAVE,"Tegel Free Range Meal Maker Sliced Roast Chicken

260g",,9.49,9.49,36.5,ea,0.0,0.0,EXTRA,2026-05-10T09:52:52.985007
PAK'nSAVE,"Hellers Shaved Roast Chicken

200g",,5.39,5.39,26.95,ea,0.0,0.0,EXTRA,2026-05-10T09:52:53.011503
PAK'nSAVE,"Bulk Pork Loin Chops

kg",,15.79,15.79,15.79,kg,0.0,0.0,,2026-05-10T09:52:53.038575
PAK'nSAVE,"Hellers Saveloys

kg",,13.99,13.99,13.99,kg,0.0,0.0,,2026-05-10T09:52:53.064165
PAK'nSAVE,"Hellers Trusty BBQ Pre-Cooked Sausages

2kg",,19.49,19.49,9.75,ea,0.0,0.0,EXTRA,2026-05-10T09:52:53.086744
PAK'nSAVE,"Verkerks Frankfurters

300g",,5.99,5.99,19.97,ea,0.0,0.0,EXTRA,2026-05-10T09:52:53.113375
PAK'nSAVE,"Aoraki Smokehouse Original Artisan Cold Smoked Salmon Slices

100g",,14.79,14.79,147.9,ea,0.0,0.0,,2026-05-10T09:52:53.138866
PAK'nSAVE,"Waitoa Whole Chicken with Garden Herbs Stuffing

1.5kg",,19.99,19.99,13.33,ea,0.0,0.0,,2026-05-10T09:52:53.160607
PAK'nSAVE,"NZ Chicken Livers

kg",,21.49,21.49,21.49,kg,0.0,0.0,,2026-05-10T09:52:53.197690
PAK'nSAVE,"Verkerks Cheese Kransky

280g",,6.49,6.49,23.18,ea,0.0,0.0,EXTRA,2026-05-10T09:52:53.224303
PAK'nSAVE,"Pork Sirloin Steak

kg",,24.99,24.99,24.99,kg,0.0,0.0,EXTRA,2026-05-10T09:52:53.250858
PAK'nSAVE,"Pams Whole Chicken Large

1.9kg",,15.99,15.99,8.42,ea,0.0,0.0,EXTRA,2026-05-10T09:52:53.281101
PAK'nSAVE,"Hellers Craft Country Pork Sausages

6pk",,9.79,9.79,,ea,0.0,0.0,EXTRA,2026-05-10T09:52:53.311262
PAK'nSAVE,"Hellers Craft Honey Lamb & Rosemary Sausages

6pk",,9.79,9.79,,ea,0.0,0.0,EXTRA,2026-05-10T09:52:53.337614
PAK'nSAVE,"Crumbed Hoki Fish Fillets Frozen

kg",,15.99,15.99,15.99,kg,0.0,0.0,,2026-05-10T09:52:53.364512
PAK'nSAVE,"Boneless Pork Slices

kg",,29.49,29.49,29.49,kg,0.0,0.0,,2026-05-10T09:52:53.389731
PAK'nSAVE,"Beehive Mild Salami Cheddar Cheese & Crackers Stackers

50g",,3.79,3.79,75.8,ea,0.0,0.0,EXTRA,2026-05-10T09:52:53.416220
PAK'nSAVE,"Hellers Manuka Smoked Middle Eye Bacon

250g",,7.59,7.59,30.36,ea,0.0,0.0,,2026-05-10T09:52:53.445138
PAK'nSAVE,"NZ Beef Blade Steak

kg",,30.89,30.89,30.89,kg,0.0,0.0,,2026-05-10T09:52:53.470462
PAK'nSAVE,"NZ Diced Pork

kg",,21.49,21.49,21.49,kg,0.0,0.0,,2026-05-10T09:52:53.496785
PAK'nSAVE,"Bulk Beef Chuck Stewing Steak

kg",,22.99,22.99,22.99,kg,0.0,0.0,EXTRA,2026-05-10T09:52:53.523740
PAK'nSAVE,"Verkerks Cheese Salami Sticks

150g",,4.49,4.49,29.93,ea,0.0,0.0,EXTRA,2026-05-10T09:52:53.553864
PAK'nSAVE,"Plain Pack Shaved Deli Ham Medium Pack

kg",,12.9,12.9,12.9,kg,0.0,0.0,EXTRA,2026-05-10T09:52:53.580254
PAK'nSAVE,"Verkerks Mini Danish Salami

300g",,9.49,9.49,31.63,ea,0.0,0.0,EXTRA,2026-05-10T09:52:53.610390
PAK'nSAVE,"Pams Sliced Champagne Leg Ham

225g",,5.49,5.49,24.4,ea,0.0,0.0,,2026-05-10T09:52:53.635607
PAK'nSAVE,"Diced Chicken

kg",,19.99,19.99,19.99,kg,0.0,0.0,,2026-05-10T09:52:53.662001
PAK'nSAVE,"Tegel Free Range Honey Soy Chicken Kebabs

6pk",,9.79,9.79,,ea,0.0,0.0,,2026-05-10T09:52:53.687317
PAK'nSAVE,"Tegel Free Range Satay Flavoured Chicken Kebabs

6pk",,9.79,9.79,,ea,0.0,0.0,,2026-05-10T09:52:53.708930
PAK'nSAVE,"Tegel Free Range Chicken Luncheon

800g",,7.99,7.99,9.99,ea,0.0,0.0,,2026-05-10T09:52:53.730635
PAK'nSAVE,"Lamb Mince

kg",,26.99,26.99,26.99,kg,0.0,0.0,,2026-05-10T09:52:53.752273
PAK'nSAVE,"Hellers Manuka Smoked Streaky Bacon

400g",,10.29,10.29,25.73,ea,0.0,0.0,EXTRA,2026-05-10T09:52:53.778721
PAK'nSAVE,"Hellers Shaved Hot Pork

200g",,5.39,5.39,26.95,ea,0.0,0.0,EXTRA,2026-05-10T09:52:53.810341
PAK'nSAVE,"Primo Smallgoods Chorizo

200g",,6.25,6.25,31.25,ea,0.0,0.0,,2026-05-10T09:52:53.839215
PAK'nSAVE,"Hutton's Ham & Chicken Flavoured Luncheon

800g",,6.79,6.79,8.49,ea,0.0,0.0,EXTRA,2026-05-10T09:52:53.861686
PAK'nSAVE,"Hellers Family Meatballs

400g",,8.29,8.29,20.73,ea,0.0,0.0,EXTRA,2026-05-10T09:52:53.888183
PAK'nSAVE,"Medallion Streaky Bacon

800g",,14.99,14.99,18.74,ea,0.0,0.0,EXTRA,2026-05-10T09:52:53.914843
PAK'nSAVE,"Plain Pack Shaved Champagne Ham

250g",,23.9,23.9,23.9,kg,0.0,0.0,,2026-05-10T09:53:11.544664
PAK'nSAVE,"Hellers Family Burgers

6pk",,8.29,8.29,,ea,0.0,0.0,EXTRA,2026-05-10T09:53:11.571791
PAK'nSAVE,"NZ Diced Beef

kg",,29.89,29.89,29.89,kg,0.0,0.0,,2026-05-10T09:53:11.600189
PAK'nSAVE,"Hellers Classic Saveloys

1kg",,11.99,11.99,11.99,ea,0.0,0.0,,2026-05-10T09:53:11.627863
PAK'nSAVE,"Hellers Classic Pre-Cooked Chicken Sausages

1kg",,11.79,11.79,11.79,ea,0.0,0.0,EXTRA,2026-05-10T09:53:11.672330
PAK'nSAVE,"Hutton's Ham & Chicken Flavoured Luncheon

250g",,4.59,4.59,18.36,ea,0.0,0.0,,2026-05-10T09:53:11.698312
PAK'nSAVE,"Lamb Shanks (Knuckles)

kg",,26.99,26.99,26.99,kg,0.0,0.0,,2026-05-10T09:53:11.719964
PAK'nSAVE,"Tegel Chicken Gizzards

kg",,11.99,11.99,11.99,kg,0.0,0.0,,2026-05-10T09:53:11.745553
PAK'nSAVE,"Pams Value Precooked Middle Bacon

700g",,13.99,13.99,19.99,ea,0.0,0.0,EXTRA,2026-05-10T09:53:11.772093
PAK'nSAVE,"Harris Farms North Canterbury Beef Burgers

2 x 125g",,6.59,6.59,26.36,ea,0.0,0.0,,2026-05-10T09:53:11.801982
PAK'nSAVE,"Farmland Sliced Luncheon Large Pre-Pack

kg",,20.9,20.9,20.9,kg,0.0,0.0,,2026-05-10T09:53:11.823715
PAK'nSAVE,"Chicken Breast Schnitzel

kg",,20.99,20.99,20.99,kg,0.0,0.0,,2026-05-10T09:53:11.854505
PAK'nSAVE,"Verkerks Italian Salami

300g",,9.49,9.49,31.63,ea,0.0,0.0,EXTRA,2026-05-10T09:53:11.880913
PAK'nSAVE,"Pams Oven Ready Original Chicken

1.5kg",,17.79,17.79,11.86,ea,0.0,0.0,,2026-05-10T09:53:11.906120
PAK'nSAVE,"Tegel Free Range Meal Maker Smoked Chicken

260g",,9.49,9.49,36.5,ea,0.0,0.0,EXTRA,2026-05-10T09:53:11.932831
PAK'nSAVE,"Beehive Frankfurters

1kg",,13.85,13.85,13.85,ea,0.0,0.0,,2026-05-10T09:53:11.957907
PAK'nSAVE,"Hellers Craft Lamb & Thyme Sausages

6pk",,9.79,9.79,,ea,0.0,0.0,EXTRA,2026-05-10T09:53:11.980332
PAK'nSAVE,"Pams Classic Beef Sausages

6 x 75g",,8.95,8.95,19.89,ea,0.0,0.0,,2026-05-10T09:53:12.005523
PAK'nSAVE,"NZ Chicken Hearts

kg",,14.79,14.79,14.79,kg,0.0,0.0,,2026-05-10T09:53:12.026561
PAK'nSAVE,"NZ Tenderised Beef Steak

kg",,32.89,32.89,32.89,kg,0.0,0.0,,2026-05-10T09:53:12.051493
PAK'nSAVE,"Frozen Whole Golden Pompano Fish

kg",,18.99,18.99,18.99,kg,0.0,0.0,,2026-05-10T09:53:12.077729
PAK'nSAVE,"Verkerks Mini Peperoni Salami

300g",,9.49,9.49,31.63,ea,0.0,0.0,EXTRA,2026-05-10T09:53:12.104038
PAK'nSAVE,"Hellers Shaved Beef Pastrami

100g",,4.59,4.59,45.9,ea,0.0,0.0,EXTRA,2026-05-10T09:53:12.130139
PAK'nSAVE,"Hellers Honey Baked Ham Off The Bone

250g",,10.29,10.29,41.16,ea,0.0,0.0,,2026-05-10T09:53:12.155805
PAK'nSAVE,"Pork Shoulder Rolled Roast

kg",,20.99,20.99,20.99,kg,0.0,0.0,,2026-05-10T09:53:12.181339
PAK'nSAVE,"Beef Fillet Steak

kg",,62.99,62.99,62.99,kg,0.0,0.0,EXTRA,2026-05-10T09:53:12.207794
PAK'nSAVE,"Hellers Craft Angus Beef Meatballs

400g",,9.79,9.79,24.48,ea,0.0,0.0,EXTRA,2026-05-10T09:53:12.237697
PAK'nSAVE,"Verkerks Thin Sliced Italian Salami

100g",,3.75,3.75,37.5,ea,0.0,0.0,EXTRA,2026-05-10T09:53:12.263673
PAK'nSAVE,"Tegel Free Range Meal Maker Shredded Roast Chicken

100g",,5.89,5.89,58.9,ea,0.0,0.0,,2026-05-10T09:53:12.294125
PAK'nSAVE,"Pams Classic Pork Sausages

6 x 75g",,8.95,8.95,19.89,ea,0.0,0.0,,2026-05-10T09:53:12.315741
PAK'nSAVE,"Pams Fresh Whole Chicken Medium

1.5kg",,14.95,14.95,9.97,ea,0.0,0.0,,2026-05-10T09:53:12.337003
PAK'nSAVE,"Tegel Free Range Manuka Smoked Chicken Rashers

350g",,11.39,11.39,32.54,ea,0.0,0.0,,2026-05-10T09:53:12.361999
PAK'nSAVE,"Hellers Mild Chorizo

150g",,6.69,6.69,44.6,ea,0.0,0.0,,2026-05-10T09:53:12.383282
PAK'nSAVE,"NZ Pork Crackling

kg",,8.99,8.99,8.99,kg,0.0,0.0,,2026-05-10T09:53:12.404600
PAK'nSAVE,"Primo Smallgoods Spanish Chorizo

200g",,6.25,6.25,31.25,ea,0.0,0.0,,2026-05-10T09:53:12.429614
PAK'nSAVE,"Premier Precooked Original Sausages

1kg",,17.25,17.25,17.25,ea,0.0,0.0,,2026-05-10T09:53:12.450887
PAK'nSAVE,"Harris Farms Beef 'n Caramelised Onion Burgers

2 x 125g",,6.59,6.59,26.36,ea,0.0,0.0,,2026-05-10T09:53:12.472307
PAK'nSAVE,"Lisa's Mediterranean Falafel Mix

400g",,6.79,6.79,,ea,0.0,0.0,EXTRA,2026-05-10T09:53:12.494714
PAK'nSAVE,"Shore Mariner Seafood Marinara Mix

300g",,9.29,9.29,30.97,ea,0.0,0.0,EXTRA,2026-05-10T09:53:12.522549
PAK'nSAVE,"Country Pride Ham & Chicken Flavoured Premium Luncheon

200g",,5.15,5.15,25.75,ea,0.0,0.0,,2026-05-10T09:53:12.547520
PAK'nSAVE,"Oriental Mint Lamb Shoulder Chops

kg",,18.99,18.99,18.99,kg,0.0,0.0,,2026-05-10T09:53:12.572887
PAK'nSAVE,"Beef Rolled Rib Roast Plain

kg",,23.99,23.99,23.99,kg,0.0,0.0,,2026-05-10T09:53:12.594826
PAK'nSAVE,"Hellers Spicy Chorizo

150g",,6.69,6.69,44.6,ea,0.0,0.0,,2026-05-10T09:53:12.619804
PAK'nSAVE,"Hellers FSPNS Honey Baked Ham

kg",,18.15,18.15,18.15,kg,0.0,0.0,,2026-05-10T09:53:12.641084
PAK'nSAVE,"Hellers Craft Country Pork Breakfast Sausages

10pk",,9.79,9.79,,ea,0.0,0.0,EXTRA,2026-05-10T09:53:12.667241
PAK'nSAVE,"Brink's Medium Whole Chicken

1.5kg",,14.25,14.25,9.5,ea,0.0,0.0,,2026-05-10T09:53:12.692152
PAK'nSAVE,"Tegel Free Range Chicken Mexican Wraps

4pk",,11.49,11.49,,ea,0.0,0.0,,2026-05-10T09:53:12.717130
PAK'nSAVE,"NZ Chicken Feet

kg",,7.99,7.99,7.99,kg,0.0,0.0,,2026-05-10T09:53:12.740007
PAK'nSAVE,"Farmland Shaved Ham

1kg",,21.95,21.95,21.95,ea,0.0,0.0,,2026-05-10T09:53:12.765061
PAK'nSAVE,"Hellers Craft Venison Sausages

6pk",,9.79,9.79,,ea,0.0,0.0,EXTRA,2026-05-10T09:53:12.790999
PAK'nSAVE,"Tegel Free Range Meal Maker Sliced Cajun Chicken

260g",,9.49,9.49,36.5,ea,0.0,0.0,EXTRA,2026-05-10T09:53:28.194176
PAK'nSAVE,"Harris Farms Steak 'n Cheese Burgers

2 x 125g",,6.59,6.59,26.36,ea,0.0,0.0,,2026-05-10T09:53:28.221949
PAK'nSAVE,"Frozen Whole Milk Fish

kg",,16.99,16.99,16.99,kg,0.0,0.0,,2026-05-10T09:53:28.243347
PAK'nSAVE,"Beehive Mild Biersticks

150g",,3.99,3.99,26.6,ea,0.0,0.0,EXTRA,2026-05-10T09:53:28.269550
PAK'nSAVE,"Tegel Free Range Chicken Italian Wraps

4pk",,11.49,11.49,,ea,0.0,0.0,,2026-05-10T09:53:28.298682
PAK'nSAVE,"Hutton's Shoulder Bacon

550g",,9.49,9.49,17.25,ea,0.0,0.0,EXTRA,2026-05-10T09:53:28.321281
PAK'nSAVE,"Pams Finest Authentic Italian Prosciutto Crudo

70g",,8.89,8.89,127.0,ea,0.0,0.0,,2026-05-10T09:53:28.350179
PAK'nSAVE,"Wilson Hellaby Teriyaki Flavoured Pork Loin Steak

kg",,23.99,23.99,23.99,kg,0.0,0.0,,2026-05-10T09:53:28.375993
PAK'nSAVE,"NZ Beef Topside Steak

kg",,30.59,30.59,30.59,kg,0.0,0.0,,2026-05-10T09:53:28.398925
PAK'nSAVE,"Tegel Fresh Free Range Smoked Chicken Breast

300g",,10.69,10.69,35.63,ea,0.0,0.0,EXTRA,2026-05-10T09:53:28.425414
PAK'nSAVE,"Pams Finest European Duo Prosciutto & Milano Salami

80g",,11.29,11.29,141.13,ea,0.0,0.0,,2026-05-10T09:53:28.450733
PAK'nSAVE,"Hellers Super Savoury Sausages

1kg",,11.79,11.79,11.79,ea,0.0,0.0,EXTRA,2026-05-10T09:53:28.486100
PAK'nSAVE,"NZ Beef Topside Roast

kg",,25.99,25.99,25.99,kg,0.0,0.0,,2026-05-10T09:53:28.511234
PAK'nSAVE,"Hellers Craft Spanish Chorizo Sausages

200g",,5.79,5.79,28.95,ea,0.0,0.0,EXTRA,2026-05-10T09:53:28.537373
PAK'nSAVE,"Hellers Precooked Sausages

kg",,11.49,11.49,11.49,kg,0.0,0.0,,2026-05-10T09:53:28.585879
PAK'nSAVE,"Aoraki Smokehouse Prepacked Bone In Salmon Fillets

kg",,56.99,56.99,56.99,kg,0.0,0.0,,2026-05-10T09:53:28.607548
PAK'nSAVE,"Hellers Manuka Smoked Ham

900g",,16.49,16.49,18.32,ea,0.0,0.0,,2026-05-10T09:53:28.635143
PAK'nSAVE,"Regal Salmon Fillets

kg",,57.99,57.99,57.99,kg,0.0,0.0,,2026-05-10T09:53:28.660538
PAK'nSAVE,"Regal Cold Smoked Salmon

100g",,13.65,13.65,136.5,ea,0.0,0.0,,2026-05-10T09:53:28.685682
PAK'nSAVE,"Hellers Craft Angus Beef & Garlic Sausages

6pk",,9.79,9.79,,ea,0.0,0.0,EXTRA,2026-05-10T09:53:28.708169
PAK'nSAVE,"Hellers Beef Burgers

6pk",,13.79,13.79,,ea,0.0,0.0,,2026-05-10T09:53:28.733297
PAK'nSAVE,"Hellers Craft Angus Beef Breakfast Sausages

10pk",,9.79,9.79,,ea,0.0,0.0,EXTRA,2026-05-10T09:53:28.755812
PAK'nSAVE,"Pork Leg Steak

kg",,30.49,30.49,30.49,kg,0.0,0.0,,2026-05-10T09:53:28.780983
PAK'nSAVE,"Hellers Craft Sliced Tandoori Chicken

250g",,8.49,8.49,33.96,ea,0.0,0.0,EXTRA,2026-05-10T09:53:28.807096
PAK'nSAVE,"Pams Sage & Onion Stuffed Chicken

1.5kg",,15.55,15.55,10.37,ea,0.0,0.0,,2026-05-10T09:53:28.832208
PAK'nSAVE,"Hellers Craft Sliced Ham Off The Bone

250g",,10.29,10.29,41.16,ea,0.0,0.0,,2026-05-10T09:53:28.855808
PAK'nSAVE,"NZ Pork Spare Ribs

kg",,20.99,20.99,20.99,kg,0.0,0.0,EXTRA,2026-05-10T09:53:28.881855
PAK'nSAVE,"Vegie Delights Hot Dogs

300g",,13.69,13.69,,ea,0.0,0.0,,2026-05-10T09:53:28.907078
PAK'nSAVE,"Prepacked Salmon Heads

kg",,9.99,9.99,9.99,kg,0.0,0.0,,2026-05-10T09:53:28.928391
PAK'nSAVE,"Tegel Free Range Meal Maker Shredded Satay Flavoured Chicken

260g",,9.49,9.49,36.5,ea,0.0,0.0,EXTRA,2026-05-10T09:53:28.954404
PAK'nSAVE,"Pams Crab Flavoured Sticks

245g",,3.49,3.49,14.24,ea,0.0,0.0,EXTRA,2026-05-10T09:53:28.980577
PAK'nSAVE,"Sizzlers Original

450g",,5.39,5.39,11.98,ea,0.0,0.0,EXTRA,2026-05-10T09:53:29.006942
PAK'nSAVE,"Bird & Barrow Chicken Mince

kg",,27.49,27.49,27.49,kg,0.0,0.0,,2026-05-10T09:53:29.032479
PAK'nSAVE,"Bulk Beef Blade Steak

kg",,29.89,29.89,29.89,kg,0.0,0.0,,2026-05-10T09:53:29.059229
PAK'nSAVE,"Tonzu Natural Herb Organic Vegetarian Sausages

300g",,9.29,9.29,,ea,0.0,0.0,EXTRA,2026-05-10T09:53:29.085649
PAK'nSAVE,"NZ Monkfish Fillets

kg",,33.49,33.49,33.49,kg,0.0,0.0,EXTRA,2026-05-10T09:53:29.111721
PAK'nSAVE,"Campbell's Butchery Sausage Meat

450g",,6.49,6.49,14.42,ea,0.0,0.0,,2026-05-10T09:53:29.140579
PAK'nSAVE,"Beard Brothers Old School Beef Sausages

500g",,11.55,11.55,23.1,ea,0.0,0.0,,2026-05-10T09:53:29.161911
PAK'nSAVE,"Waitoa Free Range Boneless Skinless Chicken Breasts

kg",,25.29,25.29,25.29,kg,0.0,0.0,,2026-05-10T09:53:29.199199
PAK'nSAVE,"NZ Cross Cut Beef Blade Steak

kg",,24.99,24.99,24.99,kg,0.0,0.0,,2026-05-10T09:53:29.224583
PAK'nSAVE,"Beehive Mild Chorizo Sticks

150g",,3.99,3.99,26.6,ea,0.0,0.0,EXTRA,2026-05-10T09:53:29.251133
PAK'nSAVE,"Tegel Free Range Meal Maker Shredded Sweet Chilli Chicken

100g",,5.89,5.89,58.9,ea,0.0,0.0,,2026-05-10T09:53:29.280517
PAK'nSAVE,"NZ Lambs Fry

kg",,13.79,13.79,13.79,kg,0.0,0.0,,2026-05-10T09:53:29.303428
PAK'nSAVE,"Fresh Gurnard Fillets

ea",,44.99,44.99,44.99,kg,0.0,0.0,,2026-05-10T09:53:29.328605
PAK'nSAVE,"Farmland Woodsmoked Bacon Hock

kg",,13.99,13.99,13.99,kg,0.0,0.0,,2026-05-10T09:53:29.353589
PAK'nSAVE,"Farmland Sliced Champagne Ham Small Pre-Packed

kg",,29.9,29.9,29.9,kg,0.0,0.0,,2026-05-10T09:53:29.378573
PAK'nSAVE,"Tonzu Organic Vegan Sage & Onion Sausages

300g",,9.29,9.29,,ea,0.0,0.0,EXTRA,2026-05-10T09:53:29.404672
PAK'nSAVE,"Tegel Real Chicken Luncheon

kg",,12.9,12.9,12.9,kg,0.0,0.0,,2026-05-10T09:53:29.429720
PAK'nSAVE,"NZ Chicken Legs

kg",,12.19,12.19,12.19,kg,0.0,0.0,,2026-05-10T09:53:29.451268
PAK'nSAVE,"Tonzu Original High Protein Organic Tempeh

250g",,7.79,7.79,,ea,0.0,0.0,EXTRA,2026-05-10T09:53:29.477663
PAK'nSAVE,"Leckies Old Fashioned Saveloys

kg",,14.99,14.99,14.99,kg,0.0,0.0,,2026-05-10T09:53:45.546505
PAK'nSAVE,"Beard Brothers Lekker Braai Boerewors

450g",,11.55,11.55,25.67,ea,0.0,0.0,,2026-05-10T09:53:45.568002
PAK'nSAVE,"Beehive Leg Ham Cheddar Cheese & Crackers Stackers

50g",,3.79,3.79,,ea,0.0,0.0,EXTRA,2026-05-10T09:53:45.590651
PAK'nSAVE,"Topside Beef Mince

kg",,25.99,25.99,25.99,kg,0.0,0.0,,2026-05-10T09:53:45.621391
PAK'nSAVE,"Bulk Beef Topside Steak

kg",,29.59,29.59,29.59,kg,0.0,0.0,,2026-05-10T09:53:45.647091
PAK'nSAVE,"Beef Rump Roast

kg",,33.49,33.49,33.49,kg,0.0,0.0,,2026-05-10T09:53:45.672241
PAK'nSAVE,"Harris Farms Italian Shorts Beef Sausages

350g",,9.09,9.09,25.97,ea,0.0,0.0,,2026-05-10T09:53:45.697303
PAK'nSAVE,"Ingham's Chicken Nibbles

kg",,12.29,12.29,12.29,kg,0.0,0.0,,2026-05-10T09:53:45.718863
PAK'nSAVE,"Pork Schnitzel

kg",,23.49,23.49,23.49,kg,0.0,0.0,,2026-05-10T09:53:45.744244
PAK'nSAVE,"Beef Ribeye Steak On The Bone

kg",,43.99,43.99,43.99,kg,0.0,0.0,,2026-05-10T09:53:45.769512
PAK'nSAVE,"Shore Mariner Squid Tentacles

500g",,9.79,9.79,19.58,ea,0.0,0.0,,2026-05-10T09:53:45.794951
PAK'nSAVE,"Salmon Frames

kg",,10.99,10.99,10.99,kg,0.0,0.0,,2026-05-10T09:53:45.824957
PAK'nSAVE,"PrePacked Tarakihi Fillets

kg",,44.99,44.99,44.99,kg,0.0,0.0,EXTRA,2026-05-10T09:53:45.851394
PAK'nSAVE,"Farmland Bacon Bones

kg",,11.99,11.99,11.99,kg,0.0,0.0,,2026-05-10T09:53:45.880154
PAK'nSAVE,"Campbell's Butchery Beef Flavoured Sausages

kg",,13.79,13.79,13.79,kg,0.0,0.0,,2026-05-10T09:53:45.905496
PAK'nSAVE,"Plain Pack Sliced Pepperoni

180g",,25.9,25.9,25.9,kg,0.0,0.0,,2026-05-10T09:53:45.926581
PAK'nSAVE,"Pams Crab Flavoured Nuggets

200g",,3.49,3.49,17.45,ea,0.0,0.0,EXTRA,2026-05-10T09:53:45.948816
PAK'nSAVE,"Pams Pork & Apple Sausages

6 x 75g",,10.45,10.45,23.22,ea,0.0,0.0,,2026-05-10T09:53:45.973717
PAK'nSAVE,"Beard Brothers Kiwi Classic Pork & Cress Sausages

500g",,11.55,11.55,23.1,ea,0.0,0.0,,2026-05-10T09:53:45.994798
PAK'nSAVE,"Harris Farms English Shorts Pork Sausages

350g",,9.09,9.09,25.97,ea,0.0,0.0,,2026-05-10T09:53:46.015872
PAK'nSAVE,"Lamb Hearts

kg",,14.99,14.99,14.99,kg,0.0,0.0,,2026-05-10T09:53:46.036911
PAK'nSAVE,"Tonzu Organic Vegan Garlic & Chilli Sausages

300g",,9.29,9.29,,ea,0.0,0.0,EXTRA,2026-05-10T09:53:46.064103
PAK'nSAVE,"Sea Breeze White Basa Fish Fillets Skinned & Boned

1kg",,11.99,11.99,11.99,ea,0.0,0.0,,2026-05-10T09:53:46.089017
PAK'nSAVE,"Hellers Free Range Danish Eye Bacon

250g",,11.79,11.79,47.16,ea,0.0,0.0,,2026-05-10T09:53:46.113966
PAK'nSAVE,"New York Cut Beef Rump Steak

kg",,33.99,33.99,33.99,kg,0.0,0.0,,2026-05-10T09:53:46.139044
PAK'nSAVE,"Hellers NZ Free Farmed Shaved Champagne Ham

100g",,4.59,4.59,45.9,ea,0.0,0.0,EXTRA,2026-05-10T09:53:46.164934
PAK'nSAVE,"Primo Smallgoods Kransky

200g",,6.25,6.25,31.25,ea,0.0,0.0,,2026-05-10T09:53:46.193514
PAK'nSAVE,"Bulk Lamb Loin Chops

kg",,27.99,27.99,27.99,kg,0.0,0.0,,2026-05-10T09:53:46.215209
PAK'nSAVE,"Beef Shin On Bone

kg",,22.99,22.99,22.99,kg,0.0,0.0,,2026-05-10T09:53:46.240269
PAK'nSAVE,"Beef Eyeside Roast

kg",,21.99,21.99,21.99,kg,0.0,0.0,,2026-05-10T09:53:46.265184
PAK'nSAVE,"Chicken Steaks

kg",,23.99,23.99,23.99,kg,0.0,0.0,,2026-05-10T09:53:46.288768
PAK'nSAVE,"NZ Lamb Forequarter Roast

kg",,17.99,17.99,17.99,kg,0.0,0.0,,2026-05-10T09:53:46.310041
PAK'nSAVE,"Bulk Chicken Thighs

kg",,8.29,8.29,8.29,kg,0.0,0.0,EXTRA,2026-05-10T09:53:46.336156
PAK'nSAVE,"Bulk Gravy Beef

kg",,30.99,30.99,30.99,kg,0.0,0.0,,2026-05-10T09:53:46.361094
PAK'nSAVE,"Beef Cheeks

kg",,22.99,22.99,22.99,kg,0.0,0.0,EXTRA,2026-05-10T09:53:46.387225
PAK'nSAVE,"Hellers Free Range Danish Streaky Bacon

250g",,11.79,11.79,47.16,ea,0.0,0.0,,2026-05-10T09:53:46.412111
PAK'nSAVE,"Plain Pack Sliced Roast Beef

200g",,37.99,37.99,37.99,kg,0.0,0.0,,2026-05-10T09:53:46.436993
PAK'nSAVE,"Regal Cold Smoked Salmon

200g",,22.49,22.49,112.45,ea,0.0,0.0,,2026-05-10T09:53:46.458206
PAK'nSAVE,"Steak & Onion Patties

kg",,21.79,21.79,21.79,kg,0.0,0.0,,2026-05-10T09:53:46.479270
PAK'nSAVE,"Pig Trotters

1pk",,6.99,6.99,,ea,0.0,0.0,,2026-05-10T09:53:46.502164
PAK'nSAVE,"NZ Pork Rump Steak

kg",,30.49,30.49,30.49,kg,0.0,0.0,,2026-05-10T09:53:46.528617
PAK'nSAVE,"NZ Red Cod Fillets

kg",,25.99,25.99,25.99,kg,0.0,0.0,,2026-05-10T09:53:46.553787
PAK'nSAVE,"Waitoa Free Range Boneless Skinless Chicken Thighs

kg",,26.99,26.99,26.99,kg,0.0,0.0,,2026-05-10T09:53:46.578831
PAK'nSAVE,"First Light Flat Iron Wagyu Beef Steak

250g",,11.69,11.69,46.76,ea,0.0,0.0,,2026-05-10T09:53:46.603838
PAK'nSAVE,"Pams Lamb Madras Sausages

6 x 75g",,11.29,11.29,25.09,ea,0.0,0.0,,2026-05-10T09:53:46.628729
PAK'nSAVE,"Leckies Beef Flavoured Sausages

kg",,13.99,13.99,13.99,kg,0.0,0.0,,2026-05-10T09:53:46.650139
PAK'nSAVE,"United RW FISH BLUE COD WINGS PPK.

ea",,8.99,8.99,8.99,ea,0.0,0.0,,2026-05-10T09:53:46.671198
PAK'nSAVE,"Beard Brothers Old School Venison Sausages

500g",,11.55,11.55,23.1,ea,0.0,0.0,,2026-05-10T09:53:46.696250
PAK'nSAVE,"Unsliced Beef Fillet Steak

kg",,63.99,63.99,63.99,kg,0.0,0.0,,2026-05-10T09:53:46.719066
PAK'nSAVE,"Primo Smallgoods Cheese Kransky

200g",,6.25,6.25,31.25,ea,0.0,0.0,,2026-05-10T09:53:46.743898
PAK'nSAVE,"Hellers Bulk Cocktail Saveloys

kg",,12.99,12.99,12.99,kg,0.0,0.0,,2026-05-10T09:54:02.889317
PAK'nSAVE,"Henderson's Manuka Smoked Middle Bacon

500g",,19.49,19.49,38.98,ea,0.0,0.0,EXTRA,2026-05-10T09:54:02.912166
PAK'nSAVE,"Campbell's Butchery Chipolatas Sausages

kg",,16.99,16.99,16.99,kg,0.0,0.0,,2026-05-10T09:54:02.943401
PAK'nSAVE,"Value Pre-Cooked Sausages

60pk",,29.99,29.99,,ea,0.0,0.0,EXTRA,2026-05-10T09:54:02.966036
PAK'nSAVE,"Pams Finest Tasty Duo Smoked Prosciutto & Hot Italian Salami

80g",,11.29,11.29,141.13,ea,0.0,0.0,,2026-05-10T09:54:02.991127
PAK'nSAVE,"NZ Pearl Ghost Shark Fillets

kg",,20.99,20.99,20.99,kg,0.0,0.0,EXTRA,2026-05-10T09:54:03.017475
PAK'nSAVE,"Pork Fillets

kg",,27.99,27.99,27.99,kg,0.0,0.0,,2026-05-10T09:54:03.046332
PAK'nSAVE,"Beard Brothers Rum & Que Pitmaster Series Beef Bull Dust Sausages

500g",,11.55,11.55,23.1,ea,0.0,0.0,,2026-05-10T09:54:03.071459
PAK'nSAVE,"Frozen Hoki Loins

kg",,23.49,23.49,23.49,kg,0.0,0.0,,2026-05-10T09:54:03.092903
PAK'nSAVE,"Sea Cuisine Raw Prawn Cutlets

0.5kg",,16.49,16.49,32.98,ea,0.0,0.0,,2026-05-10T09:54:03.115813
PAK'nSAVE,"Crumbed Lamb Shoulder Chops

kg",,18.99,18.99,18.99,kg,0.0,0.0,,2026-05-10T09:54:03.141001
PAK'nSAVE,"Bulk Tenderised Beef Steak

kg",,31.49,31.49,31.49,kg,0.0,0.0,,2026-05-10T09:54:03.162151
PAK'nSAVE,"Farmland Shaved Champagne Ham Small Pre-Packed

kg",,29.9,29.9,29.9,kg,0.0,0.0,,2026-05-10T09:54:03.187215
PAK'nSAVE,"Pork & Pineapple Patties

kg",,20.79,20.79,20.79,kg,0.0,0.0,,2026-05-10T09:54:03.212363
PAK'nSAVE,"Pams Finest Fresh New Zealand Whole Duck

2.1kg",,27.69,27.69,13.19,ea,0.0,0.0,,2026-05-10T09:54:03.237557
PAK'nSAVE,"Farmland Shaved Champagne Ham Large Pre-Pack

kg",,26.99,26.99,26.99,kg,0.0,0.0,EXTRA,2026-05-10T09:54:03.263641
PAK'nSAVE,"Silver Fern Farms Grass-Fed Venison Medallions

400g",,20.15,20.15,50.38,ea,0.0,0.0,,2026-05-10T09:54:03.292439
PAK'nSAVE,"Campbell's Butchery Crumbed Sausages

kg",,16.99,16.99,16.99,kg,0.0,0.0,,2026-05-10T09:54:03.317481
PAK'nSAVE,"Hellers Bulk Frankfurters

kg",,13.99,13.99,13.99,kg,0.0,0.0,,2026-05-10T09:54:03.340639
PAK'nSAVE,"Beard Brothers Rum & Que Pitmaster Series Pork Rib Rocker Sausages

500g",,11.55,11.55,23.1,ea,0.0,0.0,,2026-05-10T09:54:03.365543
PAK'nSAVE,"Ham & Chicken Luncheon

kg",,11.9,11.9,11.9,kg,0.0,0.0,,2026-05-10T09:54:03.386877
PAK'nSAVE,"Farmland Sliced Luncheon Small Pre-Pack

kg",,20.9,20.9,20.9,kg,0.0,0.0,,2026-05-10T09:54:03.412040
PAK'nSAVE,"Chicken Wings

kg",,10.79,10.79,10.79,kg,0.0,0.0,,2026-05-10T09:54:03.433214
PAK'nSAVE,"NZ Gravy Beef

kg",,31.99,31.99,31.99,kg,0.0,0.0,,2026-05-10T09:54:03.457963
PAK'nSAVE,"Beef Skirt Steak

kg",,27.49,27.49,27.49,kg,0.0,0.0,,2026-05-10T09:54:03.482809
PAK'nSAVE,"Lamb Kidneys

kg",,26.99,26.99,26.99,kg,0.0,0.0,,2026-05-10T09:54:03.507641
PAK'nSAVE,"Leckies Pure Pork Sausages

kg",,16.99,16.99,16.99,kg,0.0,0.0,,2026-05-10T09:54:03.532499
PAK'nSAVE,"Marinated Beef Steak

kg",,16.99,16.99,16.99,kg,0.0,0.0,EXTRA,2026-05-10T09:54:03.556740
PAK'nSAVE,"Smoked Flavoured Frozen Hoki

kg",,17.99,17.99,17.99,kg,0.0,0.0,EXTRA,2026-05-10T09:54:03.586570
PAK'nSAVE,"Tegel BBQ Chicken Thighs Cooked

kg",,17.9,17.9,17.9,kg,0.0,0.0,EXTRA,2026-05-10T09:54:03.612732
PAK'nSAVE,"Farmland Pre-packed NZ Sliced Deli Champagne Ham

kg",,37.9,37.9,37.9,kg,0.0,0.0,,2026-05-10T09:54:03.638782
PAK'nSAVE,"Whole Frozen Squid

kg",,17.99,17.99,17.99,kg,0.0,0.0,,2026-05-10T09:54:03.664275
PAK'nSAVE,"Shore Mariner Crumbed Formed Squid Rings

450g",,9.29,9.29,20.64,ea,0.0,0.0,,2026-05-10T09:54:03.685677
PAK'nSAVE,"Canterbury Biltong Air-Dried Chilli Touch Of 'Whoa' Beef Snacks

100g",,9.99,9.99,99.9,ea,0.0,0.0,EXTRA,2026-05-10T09:54:03.708059
PAK'nSAVE,"Hutton's 6 Pack Ham Steaks

500g",,8.89,8.89,17.78,ea,0.0,0.0,,2026-05-10T09:54:03.732988
PAK'nSAVE,"Shore Mariner Cooked Vannamei Whole Prawns

400g",,16.99,16.99,42.48,ea,0.0,0.0,EXTRA,2026-05-10T09:54:03.760807
PAK'nSAVE,"Hellers Craft Jumbo Spicy Brats

4pk",,7.99,7.99,,ea,0.0,0.0,,2026-05-10T09:54:03.785835
PAK'nSAVE,"First Light Wagyu Beef Burgers

400g",,13.35,13.35,33.38,ea,0.0,0.0,,2026-05-10T09:54:03.807152
PAK'nSAVE,"United Fish Co Oven Ready Salt & Pepper Battered Prawns

250g",,9.59,9.59,38.36,ea,0.0,0.0,,2026-05-10T09:54:03.829136
PAK'nSAVE,"Farmland Sliced Corned Silverside Small Pre-Pack

kg",,47.9,47.9,47.9,kg,0.0,0.0,,2026-05-10T09:54:03.850499
PAK'nSAVE,"Frozen PrePacked Whole Tarakihi Fish

kg",,22.99,22.99,22.99,kg,0.0,0.0,,2026-05-10T09:54:03.896890
PAK'nSAVE,"Hellers Prepacked Sliced Pork Luncheon

kg",,12.9,12.9,12.9,kg,0.0,0.0,,2026-05-10T09:54:03.921930
PAK'nSAVE,"United Fish Co Oven Ready Hot & Spicy Battered Prawns

250g",,9.59,9.59,38.36,ea,0.0,0.0,,2026-05-10T09:54:03.943227
PAK'nSAVE,"First Light Wagyu Beef Mince

400g",,11.35,11.35,28.38,ea,0.0,0.0,,2026-05-10T09:54:03.964407
PAK'nSAVE,"Trevally Fillets (Prepack)

kg",,31.99,31.99,31.99,kg,0.0,0.0,,2026-05-10T09:54:03.991040
PAK'nSAVE,"United Fish Co Oven Ready Coconut Crumbed Prawns

250g",,9.59,9.59,38.36,ea,0.0,0.0,,2026-05-10T09:54:04.016004
PAK'nSAVE,"Verkerks Danish Salami

kg",,35.9,35.9,35.9,kg,0.0,0.0,EXTRA,2026-05-10T09:54:04.038269
PAK'nSAVE,"Tegel Quick Cook Southern Style Chicken Tenders

310g",,9.69,9.69,31.26,ea,0.0,0.0,,2026-05-10T09:54:04.063505
PAK'nSAVE,"Easy Ribs Pork

kg",,23.29,23.29,23.29,kg,0.0,0.0,,2026-05-10T09:54:04.084802
PAK'nSAVE,"Campbell's Butchery Breakfast Sausages

kg",,14.79,14.79,14.79,kg,0.0,0.0,,2026-05-10T09:54:21.437769
PAK'nSAVE,"Ghiotti Soppressa Veneta

70g",,8.79,8.79,125.57,ea,0.0,0.0,,2026-05-10T09:54:21.459637
PAK'nSAVE,"Sole Fillets

kg",,41.99,41.99,41.99,kg,0.0,0.0,,2026-05-10T09:54:21.481293
PAK'nSAVE,"Shore Mariner Raw Vannamei 21/25 Prawn Cutlets

1kg",,33.99,33.99,33.99,ea,0.0,0.0,,2026-05-10T09:54:21.506533
PAK'nSAVE,"Frozen Hoki Fish FIllets

kg",,14.99,14.99,14.99,ea,0.0,0.0,,2026-05-10T09:54:21.532068
PAK'nSAVE,"Hellers Craft Jumbo Cheese Brats

4pk",,7.99,7.99,,ea,0.0,0.0,,2026-05-10T09:54:21.557354
PAK'nSAVE,"Verkerks Pepperoni

kg",,36.9,36.9,36.9,kg,0.0,0.0,,2026-05-10T09:54:21.579121
PAK'nSAVE,"WD King Prepacked Salmon Fillets Bone Out

kg",,61.99,61.99,61.99,kg,0.0,0.0,,2026-05-10T09:54:21.601337
PAK'nSAVE,"Butterfly Pork Steak

kg",,31.79,31.79,31.79,kg,0.0,0.0,,2026-05-10T09:54:21.628028
PAK'nSAVE,"Ghiotti Salame Milano

70g",,8.79,8.79,125.57,ea,0.0,0.0,,2026-05-10T09:54:21.653343
PAK'nSAVE,"Bellies Tuna

kg",,24.99,24.99,24.99,ea,0.0,0.0,,2026-05-10T09:54:21.678566
PAK'nSAVE,"Ghiotti Chorizo Extra

70g",,8.79,8.79,125.57,ea,0.0,0.0,,2026-05-10T09:54:21.700108
PAK'nSAVE,"Farmland Sliced Roast Beef Small Pre-Pack

kg",,47.9,47.9,47.9,kg,0.0,0.0,,2026-05-10T09:54:21.725328
PAK'nSAVE,"Verkerks Italian Salami

kg",,35.9,35.9,35.9,kg,0.0,0.0,EXTRA,2026-05-10T09:54:21.751586
PAK'nSAVE,"NZ Pork Head

1pk",,4.99,4.99,,ea,0.0,0.0,,2026-05-10T09:54:21.776491
PAK'nSAVE,"Whole Flounder Fish PrePacked

kg",,26.99,26.99,26.99,kg,0.0,0.0,EXTRA,2026-05-10T09:54:21.802954
PAK'nSAVE,"Moki Fish Fillets

ea",,26.99,26.99,26.99,kg,0.0,0.0,,2026-05-10T09:54:21.831675
PAK'nSAVE,"Steak & Cheese Patties

kg",,21.79,21.79,21.79,kg,0.0,0.0,,2026-05-10T09:54:21.858579
PAK'nSAVE,"First Light Premium Wagyu Beef Sausages

420g",,13.65,13.65,32.5,ea,0.0,0.0,,2026-05-10T09:54:21.879828
PAK'nSAVE,"NZ Blue Cod Fillets

kg",,74.99,74.99,74.99,kg,0.0,0.0,,2026-05-10T09:54:21.914795
PAK'nSAVE,"Kahawai

1kg",,15.99,15.99,15.99,kg,0.0,0.0,,2026-05-10T09:54:21.940335
PAK'nSAVE,"Tilapia Frozen

kg",,14.99,14.99,14.99,ea,0.0,0.0,,2026-05-10T09:54:21.965517
PAK'nSAVE,"Beef Olives

kg",,26.49,26.49,26.49,kg,0.0,0.0,,2026-05-10T09:54:21.990631
PAK'nSAVE,"Ingham's Chicken Thigh Fillet Skin Off

kg",,17.79,17.79,17.79,kg,0.0,0.0,EXTRA,2026-05-10T09:54:22.013123
PAK'nSAVE,"Verkerks Dutch Salami

kg",,35.9,35.9,35.9,kg,0.0,0.0,EXTRA,2026-05-10T09:54:22.042927
PAK'nSAVE,"Sea Cuisine Vannamei 41/50 Whole Raw Prawns

0.8kg",,24.99,24.99,31.24,ea,0.0,0.0,,2026-05-10T09:54:22.069695
PAK'nSAVE,"Whole Perch

ea",,13.99,13.99,13.99,kg,0.0,0.0,,2026-05-10T09:54:22.095418
PAK'nSAVE,"Plan*t Hemp Chick*n shredded Pieces

250g",,12.35,12.35,,ea,0.0,0.0,,2026-05-10T09:54:22.120483
PAK'nSAVE,"Hellers Craft Jumbo Classic Brats

4pk",,7.99,7.99,,ea,0.0,0.0,,2026-05-10T09:54:22.141654
PAK'nSAVE,"PrePackaged Leather Jackets Fish

kg",,17.99,17.99,17.99,kg,0.0,0.0,,2026-05-10T09:54:22.162878
PAK'nSAVE,"Sea Cuisine Cooked Whole Prawns Vannamei 21/25

800g",,30.49,30.49,38.11,ea,0.0,0.0,,2026-05-10T09:54:22.187854
PAK'nSAVE,"Prepacked Conga Eel Steaks

ea",,12.99,12.99,12.99,kg,0.0,0.0,,2026-05-10T09:54:22.212886
PAK'nSAVE,"Plan*t Spicy Chorizo Sausages

275g",,11.75,11.75,,ea,0.0,0.0,,2026-05-10T09:54:22.238167
PAK'nSAVE,"Blue Cod Fish Heads

kg",,9.49,9.49,9.49,kg,0.0,0.0,,2026-05-10T09:54:22.259297
PAK'nSAVE,"Verkerks Traditional Chorizo

kg",,36.9,36.9,36.9,kg,0.0,0.0,,2026-05-10T09:54:22.286115
PAK'nSAVE,"Whole Trevally

ea",,16.99,16.99,16.99,kg,0.0,0.0,,2026-05-10T09:54:22.307441
PAK'nSAVE,"Leckies Flavoured Bulk Sausages

kg",,13.99,13.99,13.99,kg,0.0,0.0,,2026-05-10T09:54:22.332655
PAK'nSAVE,"Holland House Rollmops

500g",,10.49,10.49,20.98,ea,0.0,0.0,,2026-05-10T09:54:22.357606
PAK'nSAVE,"NZ Ox Liver

kg",,6.49,6.49,6.49,kg,0.0,0.0,,2026-05-10T09:54:22.379212
PAK'nSAVE,"Quorn Meat -Free Sausages

336g",,10.79,10.79,,ea,0.0,0.0,,2026-05-10T09:54:22.404296
PAK'nSAVE,"Holland House Bismark Herring

500g",,10.49,10.49,20.98,ea,0.0,0.0,,2026-05-10T09:54:22.425589
PAK'nSAVE,"Frozen Crumbed Gurnard Fillets

kg",,26.5,26.5,26.5,kg,0.0,0.0,,2026-05-10T09:54:22.446834
PAK'nSAVE,"Beard Brothers Moroccan Lamb Sausages

500g",,11.55,11.55,23.1,ea,0.0,0.0,,2026-05-10T09:54:22.467905
PAK'nSAVE,"Plan*t Tasty Sage & Onion Sausages

275g",,11.75,11.75,,ea,0.0,0.0,,2026-05-10T09:54:22.489061
PAK'nSAVE,"Ghiotti Fiesta Espanola

85g",,12.79,12.79,150.47,ea,0.0,0.0,,2026-05-10T09:54:22.512266
PAK'nSAVE,"Surimi With Sauce

kg",,14.99,14.99,14.99,ea,0.0,0.0,,2026-05-10T09:54:22.533952
PAK'nSAVE,"Plan*t Rich Savoury Ground Mince

300g",,9.85,9.85,,ea,0.0,0.0,,2026-05-10T09:54:22.555222
PAK'nSAVE,"Farmland Hot Pork

kg",,57.9,57.9,57.9,kg,0.0,0.0,,2026-05-10T09:54:22.576874
PAK'nSAVE,"NZ Ox Kidney

kg",,13.49,13.49,13.49,kg,0.0,0.0,,2026-05-10T09:54:22.601759
PAK'nSAVE,"First Light Slow Cooked Wagyu Beef Cheek

400g",,18.15,18.15,45.38,ea,0.0,0.0,,2026-05-10T09:54:22.626580
PAK'nSAVE,"Fresh Bone In Salmon Trim

kg",,22.99,22.99,22.99,kg,0.0,0.0,,2026-05-10T09:54:38.048622
PAK'nSAVE,"Fresh NZ Warehou Blue Fillet

kg",,27.89,27.89,27.89,ea,0.0,0.0,,2026-05-10T09:54:38.074136
PAK'nSAVE,"Sliced NZ Lambs Fry

kg",,13.79,13.79,13.79,kg,0.0,0.0,,2026-05-10T09:54:38.099410
PAK'nSAVE,"Beef Rump Steak Eye Cut

kg",,39.99,39.99,39.99,kg,0.0,0.0,,2026-05-10T09:54:38.124543
PAK'nSAVE,"Frozen Tarakihi Crumbed Fish

kg",,24.99,24.99,24.99,kg,0.0,0.0,,2026-05-10T09:54:38.149795
PAK'nSAVE,"Beef Steak & Kidney

kg",,24.99,24.99,24.99,kg,0.0,0.0,,2026-05-10T09:54:38.170967
PAK'nSAVE,"Silver Fern Farms New Zealand Grass-Fed Beef Flat-Iron Steaks

220g",,15.29,15.29,69.5,ea,0.0,0.0,,2026-05-10T09:54:38.197281
PAK'nSAVE,"Silver Fern Farms New Zealand Grass-Fed Lamb Medallions

400g",,20.15,20.15,50.38,ea,0.0,0.0,,2026-05-10T09:54:38.222508
PAK'nSAVE,"Beef Topside Corner Cut

kg",,25.99,25.99,25.99,kg,0.0,0.0,,2026-05-10T09:54:38.247747
PAK'nSAVE,"Hellers Polish Sausage

kg",,29.9,29.9,29.9,kg,0.0,0.0,,2026-05-10T09:54:38.272948
PAK'nSAVE,"Farmlands Pickled Pork

kg",,22.49,22.49,22.49,kg,0.0,0.0,,2026-05-10T09:54:38.294388
PAK'nSAVE,"Grandpa's Meat & Bacon Co. Manuka Smoked Streaky Bacon

500g",,13.99,13.99,27.98,ea,0.0,0.0,EXTRA,2026-05-10T09:54:38.320445
PAK'nSAVE,"Silver Fern Farms New Zealand Grass-Fed Beef Medallions

400g",,20.15,20.15,50.38,ea,0.0,0.0,,2026-05-10T09:54:38.349185
PAK'nSAVE,"Spk Fresh NZ

kg",,24.99,24.99,24.99,ea,0.0,0.0,,2026-05-10T09:54:38.374107
PAK'nSAVE,"Shore Mariner Raw Half Cut Swimmer Crab Grade 3L

1kg",,27.99,27.99,27.99,ea,0.0,0.0,EXTRA,2026-05-10T09:54:38.400461
PAK'nSAVE,"Leckies Black Pudding

kg",,18.99,18.99,18.99,kg,0.0,0.0,,2026-05-10T09:54:38.431623
PAK'nSAVE,"Leckies White Pudding

kg",,18.99,18.99,18.99,kg,0.0,0.0,,2026-05-10T09:54:38.452851
PAK'nSAVE,"Chicken Skin On Breast Fillets

kg",,15.29,15.29,15.29,kg,0.0,0.0,,2026-05-10T09:54:38.473981
PAK'nSAVE,"Perch Fish Fillets

ea",,29.99,29.99,29.99,ea,0.0,0.0,,2026-05-10T09:54:38.495445
PAK'nSAVE,"Tegel Quick Cook Tempura Battered Chicken Nuggets

400g",,9.69,9.69,24.23,ea,0.0,0.0,,2026-05-10T09:54:38.520298
PAK'nSAVE,"Pams Finest Fresh New Zealand Peking Spiced Butterflied Duck

1.5kg",,32.19,32.19,21.46,ea,0.0,0.0,,2026-05-10T09:54:38.541526
PAK'nSAVE,"First Light Slow Cooked Soy & Sesame Wagyu Shank

400g",,18.15,18.15,45.38,ea,0.0,0.0,,2026-05-10T09:54:38.566473
PAK'nSAVE,"Fish

ea",,52.99,52.99,52.99,kg,0.0,0.0,,2026-05-10T09:54:38.600995
PAK'nSAVE,"Bone Out Salmon Fillet

kg",,68.99,68.99,68.99,ea,0.0,0.0,,2026-05-10T09:54:38.626099
PAK'nSAVE,"De Gustibus Prosciutto Smoked

70g",,7.49,7.49,107.0,ea,0.0,0.0,,2026-05-10T09:54:38.649399
PAK'nSAVE,"Chicken Tenderloins

kg",,22.69,22.69,22.69,kg,0.0,0.0,,2026-05-10T09:54:38.674427
PAK'nSAVE,"Chicken Thighs

kg",,8.29,8.29,8.29,kg,0.0,0.0,EXTRA,2026-05-10T09:54:38.700369
PAK'nSAVE,"Waitoa Free Range Chicken Drumsticks

kg",,11.89,11.89,11.89,ea,0.0,0.0,,2026-05-10T09:54:38.729038
PAK'nSAVE,"Bulk Chicken Legs

kg",,11.79,11.79,11.79,kg,0.0,0.0,,2026-05-10T09:54:38.754274
PAK'nSAVE,"Hellers Trusty BBQ Pre-Cooked Sausages

500g",,7.99,7.99,15.98,ea,0.0,0.0,,2026-05-10T09:54:38.779057
PAK'nSAVE,"Tegel Premium Chicken Mince

kg",,23.99,23.99,23.99,kg,0.0,0.0,,2026-05-10T09:54:38.800423
PAK'nSAVE,"Fry's Plant-Based Meat Alternative Smash Burgers

4 x 75g",,13.99,13.99,,ea,0.0,0.0,,2026-05-10T09:54:38.821583
PAK'nSAVE,"United Fish Co Tangyang Crispy Squid

400g",,10.49,10.49,26.23,ea,0.0,0.0,EXTRA,2026-05-10T09:54:38.844107
PAK'nSAVE,"Hutton's Shaved Manuka Smoked Leg Ham

300g",,5.99,5.99,19.97,ea,0.0,0.0,,2026-05-10T09:54:38.874431
PAK'nSAVE,"Hellers Shredded Roast Chicken

250g",,8.49,8.49,33.96,ea,0.0,0.0,EXTRA,2026-05-10T09:54:38.900717
PAK'nSAVE,"Hellers Sliced Roast Chicken

250g",,8.49,8.49,33.96,ea,0.0,0.0,EXTRA,2026-05-10T09:54:38.926784
PAK'nSAVE,"Impossible Foods Nuggets Plant Based

383g",,14.49,14.49,,ea,0.0,0.0,,2026-05-10T09:54:38.951800
PAK'nSAVE,"Pams Honey Soy Chicken Kebabs

275g",,5.99,5.99,21.78,ea,0.0,0.0,EXTRA,2026-05-10T09:54:38.974228
PAK'nSAVE,"Tonzu Smokey BBQ Plant-Based Burger Patties

300g",,9.29,9.29,,ea,0.0,0.0,EXTRA,2026-05-10T09:54:39.000467
PAK'nSAVE,"Tonzu Smoky Horopito Plant-Based Chunky Sausages

300g",,9.29,9.29,,ea,0.0,0.0,EXTRA,2026-05-10T09:54:39.026486
PAK'nSAVE,"Pams Sage & Onion Stuffed Chicken Oven Ready

1.5kg",,13.49,13.49,8.99,ea,0.0,0.0,EXTRA,2026-05-10T09:54:39.052572
PAK'nSAVE,"Tasmania Bone Out Salmon Fillet

kg",,63.99,63.99,63.99,ea,0.0,0.0,,2026-05-10T09:54:39.081223
PAK'nSAVE,"TFC Belly Rolled Slice (1.5mm) Pork

450g",,16.99,16.99,37.76,ea,0.0,0.0,,2026-05-10T09:54:39.107626
PAK'nSAVE,"John West Chunk Style Tuna In Olive Oil Blend

12 x 95g",,19.79,19.79,17.36,ea,0.0,0.0,,2026-05-10T09:54:39.128963
PAK'nSAVE,"Tegel Free Range New Zealand Chicken Mince

500g",,10.99,10.99,21.98,ea,0.0,0.0,,2026-05-10T09:54:39.150092
PAK'nSAVE,"Hellers Beef Mince

380g",,7.99,7.99,21.03,ea,0.0,0.0,EXTRA,2026-05-10T09:54:39.176731
PAK'nSAVE,"Hellers Smokey Chorizo Mini Bites

70g",,2.99,2.99,42.71,ea,0.0,0.0,,2026-05-10T09:54:39.201676
PAK'nSAVE,"Hellers New Yorker Porker Mini Bites

70g",,2.99,2.99,42.71,ea,0.0,0.0,,2026-05-10T09:54:39.222916
PAK'nSAVE,"Hellers Cheese Bierstick Mini Bites

70g",,2.99,2.99,42.71,ea,0.0,0.0,,2026-05-10T09:54:39.244104
PAK'nSAVE,"Fry's Plant-Based Vegan Steak-style Strips

250g",,10.89,10.89,,ea,0.0,0.0,,2026-05-10T09:54:39.265537
PAK'nSAVE,"Fry's Plant-Based Vegan Smoked Hot Dogs

240g",,10.89,10.89,,ea,0.0,0.0,,2026-05-10T09:54:56.004212
PAK'nSAVE,"Fry's Plant-Based Vegan Popcorn Chick'n

270g",,10.89,10.89,,ea,0.0,0.0,,2026-05-10T09:54:56.025750
PAK'nSAVE,"Fry's Plant-Based Vegan Homestyle Chick'n Burgers

320g",,10.89,10.89,,ea,0.0,0.0,,2026-05-10T09:54:56.047473
PAK'nSAVE,"Fry's Plant-Based Vegan Chick'n-style Strips

250g",,10.89,10.89,,ea,0.0,0.0,,2026-05-10T09:54:56.068793
PAK'nSAVE,"Tegel Free Range New Zealand Chicken Original Sausages

6pk",,6.99,6.99,,ea,0.0,0.0,EXTRA,2026-05-10T09:54:56.091467
PAK'nSAVE,"Tegel Free Range New Zealand Chicken Garlic & Herb Sausages

6pk",,6.99,6.99,,ea,0.0,0.0,EXTRA,2026-05-10T09:54:56.119446
PAK'nSAVE,"Tegel Free Range New Zealand Chicken Classic Cheese Sausages

6pk",,6.99,6.99,,ea,0.0,0.0,EXTRA,2026-05-10T09:54:56.145856
PAK'nSAVE,"Pams Cocktail Sausages

2kg",,17.99,17.99,9.0,ea,0.0,0.0,,2026-05-10T09:54:56.171073
PAK'nSAVE,"Pams Saveloys

2kg",,17.99,17.99,9.0,ea,0.0,0.0,,2026-05-10T09:54:56.192452
PAK'nSAVE,"United Fish Co Natural Squid Tubes U10

500g",,12.65,12.65,25.3,ea,0.0,0.0,,2026-05-10T09:54:56.213930
PAK'nSAVE,"Pams Value Raw Prawn Meat Pieces

500g",,12.05,12.05,24.1,ea,0.0,0.0,,2026-05-10T09:54:56.239152
PAK'nSAVE,"Meat Street Classic Beef Rissoles

8 x 50g",,7.79,7.79,19.48,ea,0.0,0.0,,2026-05-10T09:54:56.264371
PAK'nSAVE,"Meat Street Doner Kebab Lamb Grill Sticks

5 x 60g",,7.79,7.79,25.97,ea,0.0,0.0,,2026-05-10T09:54:56.285741
PAK'nSAVE,"Meat Street Oriental Mint Lamb Grill Sticks

5 x 60g",,7.79,7.79,25.97,ea,0.0,0.0,,2026-05-10T09:54:56.311845
PAK'nSAVE,"Meat Street Classic Beef Burgers

4 x 100g",,7.79,7.79,19.48,ea,0.0,0.0,,2026-05-10T09:54:56.334050
PAK'nSAVE,"Pams Shredded Roast Chicken

260g",,8.99,8.99,34.58,ea,0.0,0.0,EXTRA,2026-05-10T09:54:56.356972
PAK'nSAVE,"Pams Sliced Cajun Chicken

260g",,8.99,8.99,34.58,ea,0.0,0.0,EXTRA,2026-05-10T09:54:56.383135
PAK'nSAVE,"Hawkes Bay Sausage Company Pork Sausages

kg",,15.49,15.49,15.49,kg,0.0,0.0,EXTRA,2026-05-10T09:54:56.409289
PAK'nSAVE,"Hawkes Bay Sausage Company Beef Sausages

kg",,15.49,15.49,15.49,kg,0.0,0.0,EXTRA,2026-05-10T09:54:56.435544
PAK'nSAVE,"Hawkes Bay Sausage Company Venison Sausages

kg",,15.49,15.49,15.49,kg,0.0,0.0,EXTRA,2026-05-10T09:54:56.461537
PAK'nSAVE,"Pams Sliced Pepperoni Salami

100g",,2.79,2.79,27.9,ea,0.0,0.0,,2026-05-10T09:54:56.486515
PAK'nSAVE,"Pams Sliced Italian Salami

100g",,2.79,2.79,27.9,ea,0.0,0.0,,2026-05-10T09:54:56.507866
PAK'nSAVE,"Pams Shaved Champagne Ham

100g",,2.89,2.89,28.9,ea,0.0,0.0,,2026-05-10T09:54:56.529104
PAK'nSAVE,"Pams Sliced Danish Salami

100g",,2.79,2.79,27.9,ea,0.0,0.0,,2026-05-10T09:54:56.555414
PAK'nSAVE,"Pams Shaved Beef Pastrami

100g",,4.29,4.29,42.9,ea,0.0,0.0,,2026-05-10T09:54:56.576912
PAK'nSAVE,"United Fish Co Whole Sanma 60-70g

1kg",,17.99,17.99,17.99,ea,0.0,0.0,EXTRA,2026-05-10T09:54:56.599494
PAK'nSAVE,"On The Menu Pub Faves Roast Beef

320g",,8.75,8.75,,ea,0.0,0.0,,2026-05-10T09:54:56.628047
PAK'nSAVE,"Hellers Craft Shredded Kentucky Chicken

250g",,8.49,8.49,33.96,ea,0.0,0.0,EXTRA,2026-05-10T09:54:56.650498
PAK'nSAVE,"United Fish Co Whole Sardines

1kg",,9.99,9.99,9.99,ea,0.0,0.0,,2026-05-10T09:54:56.675529
PAK'nSAVE,"Harris Farms Lamb Mince

450g",,12.45,12.45,27.67,ea,0.0,0.0,,2026-05-10T09:54:56.700381
PAK'nSAVE,"Point End Brisket Slices

kg",,22.99,22.99,22.99,ea,0.0,0.0,EXTRA,2026-05-10T09:54:56.722726
PAK'nSAVE,"Champmar Whole Raw Vannamei 20/30 Count Prawns

1kg",,26.99,26.99,26.99,ea,0.0,0.0,EXTRA,2026-05-10T09:54:56.752301
PAK'nSAVE,"Solander Arrow Squid

1kg",,24.49,24.49,24.49,ea,0.0,0.0,,2026-05-10T09:54:56.782883
PAK'nSAVE,"Hawkes Bay Sausage Company Beef Sage & Onion Sausages

kg",,15.49,15.49,15.49,kg,0.0,0.0,EXTRA,2026-05-10T09:54:56.809047
PAK'nSAVE,"Hawkes Bay Sausage Company Lamb & Mint Sausages

kg",,15.49,15.49,15.49,kg,0.0,0.0,EXTRA,2026-05-10T09:54:56.835080
PAK'nSAVE,"First Light Wagyu Beef Brisket Manuka Smoked BBQ Wagyu Beef Brisket

350g",,18.15,18.15,51.86,ea,0.0,0.0,,2026-05-10T09:54:56.861293
PAK'nSAVE,"Pams Cocktail Sausages

1kg",,9.49,9.49,9.49,ea,0.0,0.0,,2026-05-10T09:54:56.882671
PAK'nSAVE,"Pams Saveloys

1kg",,9.49,9.49,9.49,ea,0.0,0.0,,2026-05-10T09:54:56.904085
PAK'nSAVE,"Pams Frankfurters

1kg",,9.49,9.49,9.49,ea,0.0,0.0,,2026-05-10T09:54:56.925223
PAK'nSAVE,"Southern Ocean New Zealand King Salmon Pieces

150g",,13.29,13.29,88.6,ea,0.0,0.0,,2026-05-10T09:54:56.946405
PAK'nSAVE,"Pams Cordon Bleu Toppa

133g",,2.19,2.19,,ea,0.0,0.0,EVERYDAY,2026-05-10T09:55:23.896724
PAK'nSAVE,"Pams Tempura Coated Chicken Nuggets

1kg",,10.99,10.99,10.99,ea,0.0,0.0,,2026-05-10T09:55:23.924430
PAK'nSAVE,"Tegel Take Outs Louisiana Style Free Range Chicken Tenders

500g",,14.35,14.35,28.7,ea,0.0,0.0,,2026-05-10T09:55:23.949746
PAK'nSAVE,"Pams Crispy Coated Chicken Tenders

1kg",,11.69,11.69,11.69,ea,0.0,0.0,EVERYDAY,2026-05-10T09:55:23.972405
PAK'nSAVE,"Tegel Free Range Crunchy Chicken Burgers

650g",,13.79,13.79,21.22,ea,0.0,0.0,EXTRA,2026-05-10T09:55:24.002662
PAK'nSAVE,"Tegel Free Range Chargrill Chicken Steaks

650g",,13.79,13.79,21.22,ea,0.0,0.0,EXTRA,2026-05-10T09:55:24.028998
PAK'nSAVE,"Tegel Take Outs Louisiana Style Free Range Chicken Burgers

600g",,14.35,14.35,23.92,ea,0.0,0.0,,2026-05-10T09:55:24.054036
PAK'nSAVE,"Pams Crispy Crumbed Chicken Burgers

1kg",,10.99,10.99,10.99,ea,0.0,0.0,,2026-05-10T09:55:24.075530
PAK'nSAVE,"Tegel Free Range Tempura Battered Chicken Nuggets

900g",,14.99,14.99,16.66,ea,0.0,0.0,,2026-05-10T09:55:24.097137
PAK'nSAVE,"Tegel Free Range Super Tasty Chicken Bites

750g",,13.79,13.79,18.39,ea,0.0,0.0,EXTRA,2026-05-10T09:55:24.121048
PAK'nSAVE,"Tegel Take Outs Nashville Style Free Range Chicken Tenders

500g",,14.35,14.35,28.7,ea,0.0,0.0,,2026-05-10T09:55:24.145956
PAK'nSAVE,"Tegel Take Outs Louisiana Style Free Range Chicken Portions

1kg",,9.49,9.49,9.49,ea,0.0,0.0,EXTRA,2026-05-10T09:55:24.168519
PAK'nSAVE,"Rangitikei Free Range Buttermilk Tenderloins

400g",,12.69,12.69,31.73,ea,0.0,0.0,,2026-05-10T09:55:24.193538
PAK'nSAVE,"Tegel Free Range Southern Style Chicken Tenders

750g",,13.79,13.79,18.39,ea,0.0,0.0,EXTRA,2026-05-10T09:55:24.215926
PAK'nSAVE,"Rangitikei Free Range Karaage Chicken

360g",,12.69,12.69,35.25,ea,0.0,0.0,,2026-05-10T09:55:24.241126
PAK'nSAVE,"Rangitikei Free Range Korean Style Chicken

400g",,12.69,12.69,31.73,ea,0.0,0.0,,2026-05-10T09:55:24.262483
PAK'nSAVE,"Tegel Free Range Panko Chicken Tenders

750g",,13.79,13.79,18.39,ea,0.0,0.0,EXTRA,2026-05-10T09:55:24.284964
PAK'nSAVE,"Ingham's Tempura Chicken Nuggets

1kg",,14.49,14.49,14.49,ea,0.0,0.0,EXTRA,2026-05-10T09:55:24.310965
PAK'nSAVE,"Leader Cordon Bleu Chicken Toppas

798g",,15.35,15.35,19.24,ea,0.0,0.0,,2026-05-10T09:55:24.341261
PAK'nSAVE,"Tegel Take Outs Nashville Style Free Range Chicken Burgers

600g",,14.35,14.35,23.92,ea,0.0,0.0,,2026-05-10T09:55:24.362972
PAK'nSAVE,"Waitoa Gluten Free Chicken Tenders

350g",,10.79,10.79,30.83,ea,0.0,0.0,EXTRA,2026-05-10T09:55:24.385433
PAK'nSAVE,"Waitoa Garlic Butter Free Range Chicken Kievs

300g",,10.79,10.79,35.97,ea,0.0,0.0,EXTRA,2026-05-10T09:55:24.411496
PAK'nSAVE,"Tegel Take Outs Nashville Style Free Range Chicken Portions

1kg",,9.49,9.49,9.49,ea,0.0,0.0,EXTRA,2026-05-10T09:55:24.441097
PAK'nSAVE,"Leader Original Southern Style Chicken Bites

500g",,8.89,8.89,,ea,0.0,0.0,EXTRA,2026-05-10T09:55:24.466965
PAK'nSAVE,"Ingham's Crumbed Chicken Chipees

1kg",,14.49,14.49,14.49,ea,0.0,0.0,EXTRA,2026-05-10T09:55:24.493151
PAK'nSAVE,"Tegel Free Range Crumbed Chicken Nuggets

900g",,14.99,14.99,16.66,ea,0.0,0.0,,2026-05-10T09:55:24.521634
PAK'nSAVE,"Tegel Tenderbasted Chicken Thighs

4kg",,32.49,32.49,8.12,ea,0.0,0.0,,2026-05-10T09:55:24.542739
PAK'nSAVE,"Waitoa Original Free Range Chicken Tenders

350g",,10.79,10.79,30.83,ea,0.0,0.0,EXTRA,2026-05-10T09:55:24.570063
PAK'nSAVE,"Leader Crumbed Chicken Schnitzels

8 x 100g",,15.35,15.35,19.19,ea,0.0,0.0,,2026-05-10T09:55:24.598857
PAK'nSAVE,"Waitoa Gluten Free Karaage Chicken With Ginger & Soy

380g",,10.79,10.79,28.39,ea,0.0,0.0,EXTRA,2026-05-10T09:55:24.621182
PAK'nSAVE,"Pams Crispy Coated Chicken Bites

1kg",,11.69,11.69,11.69,ea,0.0,0.0,EVERYDAY,2026-05-10T09:55:24.650769
PAK'nSAVE,"Leader Chicken Cordon Bleu Toppas

399g",,9.45,9.45,23.68,ea,0.0,0.0,,2026-05-10T09:55:24.675735
PAK'nSAVE,"Leader Southern Style Chicken Patties

8 x 85g",,15.35,15.35,22.57,ea,0.0,0.0,,2026-05-10T09:55:24.696810
PAK'nSAVE,"Waitoa Gluten Free Premium Chicken Fillet Burgers

400g",,10.79,10.79,26.98,ea,0.0,0.0,EXTRA,2026-05-10T09:55:24.732110
PAK'nSAVE,"Tegel Free Range Gluten Free Tempura Battered Chicken Nuggets

400G",,9.99,9.99,24.98,ea,0.0,0.0,,2026-05-10T09:55:24.761420
PAK'nSAVE,"Tegel Free Range Gluten Free Crumbed Chicken Schnitzel

400g",,9.99,9.99,24.98,ea,0.0,0.0,,2026-05-10T09:55:24.782735
PAK'nSAVE,"Tegel Tenderbasted Chicken Nibbles

3kg",,33.79,33.79,11.26,ea,0.0,0.0,,2026-05-10T09:55:24.806409
PAK'nSAVE,"Top Notch Chicken Burgers

480g",,6.99,6.99,14.56,ea,0.0,0.0,EXTRA,2026-05-10T09:55:24.832707
PAK'nSAVE,"Top Notch BB Chicken Grillers

6 x 50g",,4.69,4.69,15.63,ea,0.0,0.0,,2026-05-10T09:55:24.858057
PAK'nSAVE,"Top Notch BBQ Chicken Patties

20pk",,13.99,13.99,13.99,ea,0.0,0.0,EXTRA,2026-05-10T09:55:24.880388
PAK'nSAVE,"Ingham Tempura Dino Chicken Nuggets

900g",,14.49,14.49,16.1,ea,0.0,0.0,EXTRA,2026-05-10T09:55:24.906422
PAK'nSAVE,"Tegel Take Outs Nashville Style Free Range Chicken Poppers

650g",,14.35,14.35,22.08,ea,0.0,0.0,,2026-05-10T09:55:24.931193
PAK'nSAVE,"Tegel Take Outs Nashville Style Free Range Chicken Nibbles

750g",,14.35,14.35,19.13,ea,0.0,0.0,,2026-05-10T09:55:24.952292
PAK'nSAVE,"Tegel Take Outs Louisiana Style Free Range Chicken Nibbles

750g",,14.35,14.35,19.13,ea,0.0,0.0,,2026-05-10T09:55:24.973391
PAK'nSAVE,"Tegel Take Outs Louisiana Style Free Range Chicken Nuggets

750g",,9.49,9.49,12.65,ea,0.0,0.0,EXTRA,2026-05-10T09:55:24.996175
PAK'nSAVE,"Tegel Take Outs Memphis BBQ Style Free Range Chicken Strips

500g",,9.49,9.49,18.98,ea,0.0,0.0,EXTRA,2026-05-10T09:55:25.024126
PAK'nSAVE,"Pams Frozen Whole Chicken Large

1.9kg",,12.59,12.59,6.63,ea,0.0,0.0,EVERYDAY,2026-05-10T09:55:51.815472
PAK'nSAVE,"Pams Frozen Whole Chicken Medium

1.5kg",,11.45,11.45,7.63,ea,0.0,0.0,,2026-05-10T09:55:51.848373
PAK'nSAVE,"Tegel Chicken Drums

5kg",,31.99,31.99,6.4,ea,0.0,0.0,,2026-05-10T09:55:51.875105
PAK'nSAVE,"Pams Tender Basted Chicken Thighs

2kg",,16.99,16.99,8.5,ea,0.0,0.0,,2026-05-10T09:55:51.901458
PAK'nSAVE,"Pams Tender Basted Chicken Portions

2kg",,15.29,15.29,7.65,ea,0.0,0.0,,2026-05-10T09:55:51.924010
PAK'nSAVE,"Pams Tender Basted Chicken Drums

2kg",,13.79,13.79,6.9,ea,0.0,0.0,,2026-05-10T09:55:51.946119
PAK'nSAVE,"Tegel Free Range Crunchy Chicken Burgers

650g",,13.79,13.79,21.22,ea,0.0,0.0,EXTRA,2026-05-10T09:56:28.947254
PAK'nSAVE,"Tegel Take Outs Louisiana Style Free Range Chicken Burgers

600g",,14.35,14.35,23.92,ea,0.0,0.0,,2026-05-10T09:56:28.974870
PAK'nSAVE,"Pams Crispy Crumbed Chicken Burgers

1kg",,10.99,10.99,10.99,ea,0.0,0.0,,2026-05-10T09:56:28.996659
PAK'nSAVE,"Angel Bay Gourmet Beef Burger Patties

720g",,14.29,14.29,19.85,ea,0.0,0.0,,2026-05-10T09:56:29.018174
PAK'nSAVE,"Angel Bay Gourmet Beef & Cheese Burger Patties

720g",,14.29,14.29,19.85,ea,0.0,0.0,,2026-05-10T09:56:29.043119
PAK'nSAVE,"Tegel Take Outs Nashville Style Free Range Chicken Burgers

600g",,14.35,14.35,23.92,ea,0.0,0.0,,2026-05-10T09:56:29.064816
PAK'nSAVE,"Leader BBQ Burger Patties

20pk",,15.35,15.35,,ea,0.0,0.0,,2026-05-10T09:56:29.086396
PAK'nSAVE,"Angel Bay Premium Angus Beef Patties

720g",,16.99,16.99,23.6,ea,0.0,0.0,EXTRA,2026-05-10T09:56:29.108960
PAK'nSAVE,"Leader BBQ Burger Patties

10pk",,9.45,9.45,,ea,0.0,0.0,,2026-05-10T09:56:29.134465
PAK'nSAVE,"Leader Southern Style Chicken Patties

8 x 85g",,15.35,15.35,22.57,ea,0.0,0.0,,2026-05-10T09:56:29.155919
PAK'nSAVE,"Waitoa Gluten Free Premium Chicken Fillet Burgers

400g",,10.79,10.79,26.98,ea,0.0,0.0,EXTRA,2026-05-10T09:56:29.178545
PAK'nSAVE,"Leader BBQ Burger Patties

50pk",,37.79,37.79,,ea,0.0,0.0,,2026-05-10T09:56:29.207146
PAK'nSAVE,"Pams Plant Based Falafel Burgers

4 x 80g",,8.09,8.09,,ea,0.0,0.0,,2026-05-10T09:56:29.229519
PAK'nSAVE,"Angel Bay Premium Gluten Free Beef Patties

720g",,16.99,16.99,23.6,ea,0.0,0.0,EXTRA,2026-05-10T09:56:29.251979
PAK'nSAVE,"Lets Eat Plant-Based Burger Patties

400g",,13.49,13.49,,ea,0.0,0.0,,2026-05-10T09:56:29.277496
PAK'nSAVE,"Top Notch Chicken Burgers

480g",,6.99,6.99,14.56,ea,0.0,0.0,EXTRA,2026-05-10T09:56:29.300064
PAK'nSAVE,"Top Notch BBQ Chicken Patties

20pk",,13.99,13.99,13.99,ea,0.0,0.0,EXTRA,2026-05-10T09:56:29.326972
PAK'nSAVE,"Top Notch BBQ Meat Patties

20pk",,13.99,13.99,13.99,ea,0.0,0.0,EXTRA,2026-05-10T09:56:29.352828
PAK'nSAVE,"Hellers Crunchy Katsu Pork Burgers

600g",,12.99,12.99,21.65,ea,0.0,0.0,,2026-05-10T09:56:29.377753
PAK'nSAVE,"Angel Bay Gourmet Breakfast Beef Sausage Patties

500g",,14.29,14.29,28.58,ea,0.0,0.0,,2026-05-10T09:56:29.399730
PAK'nSAVE,"Butlers Falafels

1kg",,19.99,19.99,,ea,0.0,0.0,,2026-05-10T09:56:56.849145
PAK'nSAVE,"Lets Eat Plant-Based Tasty Tenders

400g",,13.49,13.49,,ea,0.0,0.0,,2026-05-10T09:56:56.871174
PAK'nSAVE,"Pams Plant Based Falafel Burgers

4 x 80g",,8.09,8.09,,ea,0.0,0.0,,2026-05-10T09:56:56.892733
PAK'nSAVE,"Lets Eat Plant-Based Golden Nuggets

400g",,13.49,13.49,,ea,0.0,0.0,,2026-05-10T09:56:56.914288
PAK'nSAVE,"Fry's Plant Based Chicken Style Vegan Burgers

4 x 80g",,8.35,8.35,,ea,0.0,0.0,,2026-05-10T09:56:56.935864
PAK'nSAVE,"Lets Eat Plant-Based Burger Patties

400g",,13.49,13.49,,ea,0.0,0.0,,2026-05-10T09:56:56.957242
PAK'nSAVE,"Pams Plant Based Crumbed Tenders

500g",,12.49,12.49,,ea,0.0,0.0,EXTRA,2026-05-10T09:56:56.979764
PAK'nSAVE,"Pams Plant Based Crispy Nuggets

500g",,12.49,12.49,,ea,0.0,0.0,EXTRA,2026-05-10T09:56:57.006187
PAK'nSAVE,"Fry's Meat Substitute Braai Sausages

380g",,10.85,10.85,,ea,0.0,0.0,,2026-05-10T09:56:57.031363
PAK'nSAVE,"Leader Mediterranean Style Falafel

425g",,8.99,8.99,,ea,0.0,0.0,EXTRA,2026-05-10T09:56:57.054995
PAK'nSAVE,"Leader Pumpkin & Spinach Patties

400g",,8.99,8.99,,ea,0.0,0.0,EXTRA,2026-05-10T09:56:57.081394
PAK'nSAVE,"Shore Mariner Crumbed Fillet Sbw Fish

425g",,6.65,6.65,15.65,ea,0.0,0.0,,2026-05-10T09:57:24.027943
PAK'nSAVE,"Shore Mariner Crumbed Fillet Sbw Lemon Fish

425g",,6.65,6.65,15.65,ea,0.0,0.0,,2026-05-10T09:57:24.050902
PAK'nSAVE,"Leader NZ Fish Cakes

12 x 60g",,9.99,9.99,13.88,ea,0.0,0.0,EXTRA,2026-05-10T09:57:24.073791
PAK'nSAVE,"Pams Classic Crumb Fish Fillets

480g",,6.75,6.75,14.06,ea,0.0,0.0,,2026-05-10T09:57:24.099210
PAK'nSAVE,"Fisherking Crunchy Crumb Fish & Chips

350g",,4.45,4.45,12.71,ea,0.0,0.0,,2026-05-10T09:57:24.120795
PAK'nSAVE,"Pams Crispy Batter Fish Fillets

480g",,6.75,6.75,14.06,ea,0.0,0.0,,2026-05-10T09:57:24.142126
PAK'nSAVE,"Crumbed Hoki Fish Fillets Frozen

kg",,15.99,15.99,15.99,kg,0.0,0.0,,2026-05-10T09:57:24.163467
PAK'nSAVE,"Pams Lemon Pepper Crumb Fish Fillets

480g",,6.75,6.75,14.06,ea,0.0,0.0,,2026-05-10T09:57:24.188529
PAK'nSAVE,"Birds Eye Oven Bake Original Crumb 100% Wild Caught NZ Hoki Fillets

425g",,8.15,8.15,19.18,ea,0.0,0.0,,2026-05-10T09:57:24.214951
PAK'nSAVE,"Birds Eye Oven Bake Beer Battered 100% Wild Caught NZ Hoki Fillets

425g",,8.15,8.15,19.18,ea,0.0,0.0,,2026-05-10T09:57:24.236678
PAK'nSAVE,"United Fisheries Ltd Crumbed New Zealand Fish Bites Value Pack

1kg",,11.59,11.59,11.59,ea,0.0,0.0,,2026-05-10T09:57:24.258014
PAK'nSAVE,"Sealord Classic Crumb Hoki Fingers

400g",,6.89,6.89,17.23,ea,0.0,0.0,EXTRA,2026-05-10T09:57:24.280603
PAK'nSAVE,"Pams Crumbed Fish Fingers

500g",,6.99,6.99,13.98,ea,0.0,0.0,EXTRA,2026-05-10T09:57:24.306673
PAK'nSAVE,"Birds Eye Oven Bake Tempura Battered 100% Wild Caught Hoki Fillets

425g",,8.15,8.15,19.18,ea,0.0,0.0,,2026-05-10T09:57:24.331670
PAK'nSAVE,"Birds Eye Oven Bake Lemon Pepper Crumb 100% Wild Caught NZ Hoki Fillets

425g",,8.15,8.15,19.18,ea,0.0,0.0,,2026-05-10T09:57:24.352989
PAK'nSAVE,"Birds Eye Oven Bake Lightly Battered 100% Wild Caught NZ Hoki Fillets

425g",,8.15,8.15,19.18,ea,0.0,0.0,,2026-05-10T09:57:24.374511
PAK'nSAVE,"Birds Eye Fish Fingers

375g",,6.35,6.35,16.93,ea,0.0,0.0,,2026-05-10T09:57:24.403534
PAK'nSAVE,"Shore Mariner Tempura Fish Bites

400g",,6.99,6.99,17.48,ea,0.0,0.0,EXTRA,2026-05-10T09:57:24.432749
PAK'nSAVE,"Birds Eye Oven Bake Herb & Garlic Crumb 100% Wild Caught NZ Hoki Fillets

425g",,8.15,8.15,19.18,ea,0.0,0.0,,2026-05-10T09:57:24.458152
PAK'nSAVE,"Sealord Orange Roughy Wholemeal Crumb Fish Fillets

320g",,10.45,10.45,32.66,ea,0.0,0.0,,2026-05-10T09:57:24.479398
PAK'nSAVE,"Birds Eye Oven Bake Lemon Crumb 100% Wild Caught NZ Hoki Fillets

425g",,8.15,8.15,19.18,ea,0.0,0.0,,2026-05-10T09:57:24.500596
PAK'nSAVE,"Sealord Hoki 3 Seed Crumb Wild Caught Fillets

300g",,8.49,8.49,28.3,ea,0.0,0.0,,2026-05-10T09:57:24.521937
PAK'nSAVE,"Shore Mariner Lightly Coated Fish Bites

400g",,6.99,6.99,17.48,ea,0.0,0.0,EXTRA,2026-05-10T09:57:24.544287
PAK'nSAVE,"United Fish Co New Zealand Southern Blue Whiting Crumbed Fillets

800g",,15.59,15.59,19.49,ea,0.0,0.0,EXTRA,2026-05-10T09:57:24.570318
PAK'nSAVE,"Sealord Hoki Wholemeal Crumb Wild Caught Fillets

300g",,8.49,8.49,28.3,ea,0.0,0.0,,2026-05-10T09:57:24.600926
PAK'nSAVE,"Sealord Hoki Thai Lime & Coconut Crumb Wild Caught Fillets

300g",,8.49,8.49,28.3,ea,0.0,0.0,,2026-05-10T09:57:24.622253
PAK'nSAVE,"Sea Breeze White Basa Fish Fillets Skinned & Boned

1kg",,11.99,11.99,11.99,ea,0.0,0.0,,2026-05-10T09:57:24.643508
PAK'nSAVE,"Shore Mariner Crumbed Fish

700g",,11.79,11.79,16.84,ea,0.0,0.0,,2026-05-10T09:57:24.668504
PAK'nSAVE,"Frozen Hoki Loins

kg",,23.49,23.49,23.49,kg,0.0,0.0,,2026-05-10T09:57:24.690022
PAK'nSAVE,"Independent Fisheries Crumbed Hoki Fillets Natural-cut 70-90g

750g",,16.29,16.29,21.72,ea,0.0,0.0,,2026-05-10T09:57:24.711272
PAK'nSAVE,"Sealord New Zealand Dory Classic Crumb Fish Fillets

320g",,10.45,10.45,32.66,ea,0.0,0.0,,2026-05-10T09:57:24.736335
PAK'nSAVE,"Shore Mariner Frozen Whole Indian Mackerel

800g",,9.99,9.99,12.49,ea,0.0,0.0,,2026-05-10T09:57:24.757601
PAK'nSAVE,"United Fish Co Seafood Basket Oven Ready

260g",,8.55,8.55,32.88,ea,0.0,0.0,,2026-05-10T09:57:24.783904
PAK'nSAVE,"Smoked Flavoured Frozen Hoki

kg",,17.99,17.99,17.99,kg,0.0,0.0,EXTRA,2026-05-10T09:57:24.806189
PAK'nSAVE,"United Fish Co Crumbed New Zealand Fish Nuggets

1kg",,12.49,12.49,12.49,ea,0.0,0.0,EXTRA,2026-05-10T09:57:24.832216
PAK'nSAVE,"Sealord Hoki Gluten Free Crumb Fish Bites

350g",,10.29,10.29,29.4,ea,0.0,0.0,,2026-05-10T09:57:24.857226
PAK'nSAVE,"Frozen Hoki Fish FIllets

kg",,14.99,14.99,14.99,ea,0.0,0.0,,2026-05-10T09:57:24.878601
PAK'nSAVE,"Shore Mariner Crumbed Whiting Fish

600g",,9.79,9.79,16.32,ea,0.0,0.0,EXTRA,2026-05-10T09:57:24.904672
PAK'nSAVE,"Neptune Kipper Fillets With Butter

170g",,8.29,8.29,48.76,ea,0.0,0.0,,2026-05-10T09:57:24.933345
PAK'nSAVE,"Tilapia Frozen

kg",,14.99,14.99,14.99,ea,0.0,0.0,,2026-05-10T09:57:24.958402
PAK'nSAVE,"Frozen Crumbed Gurnard Fillets

kg",,26.5,26.5,26.5,kg,0.0,0.0,,2026-05-10T09:57:24.985133
PAK'nSAVE,"Shore Mariner Yellow Croaker

650g",,17.99,17.99,27.68,ea,0.0,0.0,,2026-05-10T09:57:25.006606
PAK'nSAVE,"Frozen Tarakihi Crumbed Fish

kg",,24.99,24.99,24.99,kg,0.0,0.0,,2026-05-10T09:57:25.031591
PAK'nSAVE,"Birds Eye Air Baked Original Crumb Fish Tenders

375g",,7.79,7.79,20.77,ea,0.0,0.0,EXTRA,2026-05-10T09:57:25.054021
PAK'nSAVE,"Birds Eye Air Baked Lemon Pepper Fish Tenders

375g",,7.79,7.79,20.77,ea,0.0,0.0,EXTRA,2026-05-10T09:57:25.080509
PAK'nSAVE,"Birds Eye Air Baked Southern Style Fish Tenders

375g",,7.79,7.79,20.77,ea,0.0,0.0,EXTRA,2026-05-10T09:57:25.106745
PAK'nSAVE,"Shore Mariner Whole Round Scad (8-10 per bag)

800g",,7.19,7.19,8.99,ea,0.0,0.0,,2026-05-10T09:57:25.131716
PAK'nSAVE,"Sealord Hoki Gluten Free Crumb

280g",,7.99,7.99,28.54,ea,0.0,0.0,EXTRA,2026-05-10T09:57:25.157859
PAK'nSAVE,"Sealord Hoki Classic Crumb Flaky Fillets

425g",,7.99,7.99,18.8,ea,0.0,0.0,EXTRA,2026-05-10T09:57:25.183829
PAK'nSAVE,"Sealord Hoki Tempura Batter Flakey Fillets

425g",,7.99,7.99,18.8,ea,0.0,0.0,EXTRA,2026-05-10T09:57:25.211563
PAK'nSAVE,"Sealord Hoki Lemon Pepper Crumb Flakey Fillets

425g",,7.99,7.99,18.8,ea,0.0,0.0,EXTRA,2026-05-10T09:57:41.075313
PAK'nSAVE,"Sealord Hoki Potato Crumb Flakey Fillets

425g",,7.99,7.99,18.8,ea,0.0,0.0,EXTRA,2026-05-10T09:57:41.104025
PAK'nSAVE,"Sealord Hoki Pub Style Batter Flakey Fillets

425g",,7.99,7.99,18.8,ea,0.0,0.0,EXTRA,2026-05-10T09:57:41.130229
PAK'nSAVE,"Shore Mariner Raw Prawn Cutlets

500g",,11.99,11.99,23.98,ea,0.0,0.0,EXTRA,2026-05-10T09:58:07.301068
PAK'nSAVE,"Pams Cooked & Peeled Prawns

300g",,9.99,9.99,33.3,ea,0.0,0.0,EXTRA,2026-05-10T09:58:07.335248
PAK'nSAVE,"Shore Mariner Seafood Marinara Mix

300g",,9.29,9.29,30.97,ea,0.0,0.0,EXTRA,2026-05-10T09:58:07.365299
PAK'nSAVE,"Pams Surimi

275g",,3.49,3.49,12.69,ea,0.0,0.0,EXTRA,2026-05-10T09:58:07.391621
PAK'nSAVE,"Shore Mariner Cooked & Peeled Shrimps

250g",,7.99,7.99,31.96,ea,0.0,0.0,EXTRA,2026-05-10T09:58:07.418124
PAK'nSAVE,"Pams Crab Flavoured Sticks

245g",,3.49,3.49,14.24,ea,0.0,0.0,EXTRA,2026-05-10T09:58:07.444283
PAK'nSAVE,"Pams Raw Peeled Prawns

300g",,9.99,9.99,33.3,ea,0.0,0.0,EXTRA,2026-05-10T09:58:07.470516
PAK'nSAVE,"Shore Mariner Whitebait

250g",,8.29,8.29,33.16,ea,0.0,0.0,EXTRA,2026-05-10T09:58:07.501785
PAK'nSAVE,"Shore Mariner Salt & Pepper Squid

360g",,9.99,9.99,27.75,ea,0.0,0.0,EXTRA,2026-05-10T09:58:07.531641
PAK'nSAVE,"Shore Mariner Squid Tentacles

500g",,9.79,9.79,19.58,ea,0.0,0.0,,2026-05-10T09:58:07.556854
PAK'nSAVE,"Pams Crab Flavoured Nuggets

200g",,3.49,3.49,17.45,ea,0.0,0.0,EXTRA,2026-05-10T09:58:07.583173
PAK'nSAVE,"Shore Mariner Raw Stir Fry Prawn Meat

500g",,12.49,12.49,24.98,ea,0.0,0.0,EXTRA,2026-05-10T09:58:07.609213
PAK'nSAVE,"Shore Mariner Asian Party Pack

739g",,8.59,8.59,11.62,ea,0.0,0.0,,2026-05-10T09:58:07.638221
PAK'nSAVE,"Pams Surimi

1kg",,10.15,10.15,10.15,ea,0.0,0.0,,2026-05-10T09:58:07.659478
PAK'nSAVE,"Shore Mariner Panko Crumbed Scallop Bites

375g",,13.05,13.05,34.8,ea,0.0,0.0,,2026-05-10T09:58:07.680791
PAK'nSAVE,"Pams Finest Premium Cooked Jumbo Prawn Cutlets

500g",,20.99,20.99,41.98,ea,0.0,0.0,EXTRA,2026-05-10T09:58:07.709339
PAK'nSAVE,"Shore Mariner Large Prawn Twisters

300g",,13.85,13.85,46.17,ea,0.0,0.0,,2026-05-10T09:58:07.734438
PAK'nSAVE,"Pams Finest Raw Frozen Prawns Cutlet

500g",,20.99,20.99,41.98,ea,0.0,0.0,EXTRA,2026-05-10T09:58:07.761067
PAK'nSAVE,"Shore Mariner Cooked & Peeled Prawns

400g",,12.49,12.49,31.23,ea,0.0,0.0,EXTRA,2026-05-10T09:58:07.791082
PAK'nSAVE,"Shore Mariner Raw Vannamei Whole Prawns

400g",,12.49,12.49,31.23,ea,0.0,0.0,EXTRA,2026-05-10T09:58:07.834613
PAK'nSAVE,"Shore Mariner Crumbed Prawn Cutlets With Sweet Chilli Sauce

250g",,8.85,8.85,35.4,ea,0.0,0.0,,2026-05-10T09:58:07.863477
PAK'nSAVE,"Shore Mariner Lemon Pepper Squid

360g",,9.99,9.99,27.75,ea,0.0,0.0,EXTRA,2026-05-10T09:58:07.886173
PAK'nSAVE,"Sea Cuisine Raw Prawn Cutlets

0.5kg",,16.49,16.49,32.98,ea,0.0,0.0,,2026-05-10T09:58:07.911344
PAK'nSAVE,"United Fish Co Formed Crumbed Calamari Rings

500g",,10.59,10.59,21.18,ea,0.0,0.0,,2026-05-10T09:58:07.936170
PAK'nSAVE,"United Fish Co Seafood Basket Oven Ready

260g",,8.55,8.55,32.88,ea,0.0,0.0,,2026-05-10T09:58:07.958970
PAK'nSAVE,"Shore Mariner Natural Squid Rings

500g",,16.79,16.79,33.58,ea,0.0,0.0,,2026-05-10T09:58:07.980289
PAK'nSAVE,"Whole Frozen Squid

kg",,17.99,17.99,17.99,kg,0.0,0.0,,2026-05-10T09:58:08.005355
PAK'nSAVE,"Shore Mariner Crumbed Formed Squid Rings

450g",,9.29,9.29,20.64,ea,0.0,0.0,,2026-05-10T09:58:08.026650
PAK'nSAVE,"Shore Mariner Cooked Vannamei Whole Prawns

400g",,16.99,16.99,42.48,ea,0.0,0.0,EXTRA,2026-05-10T09:58:08.049037
PAK'nSAVE,"United Fish Co Oven Ready Salt & Pepper Battered Prawns

250g",,9.59,9.59,38.36,ea,0.0,0.0,,2026-05-10T09:58:08.074261
PAK'nSAVE,"United Fish Co Oven Ready Hot & Spicy Battered Prawns

250g",,9.59,9.59,38.36,ea,0.0,0.0,,2026-05-10T09:58:08.095711
PAK'nSAVE,"United Fish Co Oven Ready Coconut Crumbed Prawns

250g",,9.59,9.59,38.36,ea,0.0,0.0,,2026-05-10T09:58:08.117143
PAK'nSAVE,"Shore Mariner Surimi Seafood Sticks

500g",,5.79,5.79,11.58,ea,0.0,0.0,,2026-05-10T09:58:08.138265
PAK'nSAVE,"Shore Mariner Raw Vannamei 21/25 Prawn Cutlets

1kg",,33.99,33.99,33.99,ea,0.0,0.0,,2026-05-10T09:58:08.165041
PAK'nSAVE,"United Fish Co Raw Scallops Roe On 41/60

300g",,19.49,19.49,64.97,ea,0.0,0.0,,2026-05-10T09:58:08.190245
PAK'nSAVE,"Sea Cuisine Vannamei 41/50 Whole Raw Prawns

0.8kg",,24.99,24.99,31.24,ea,0.0,0.0,,2026-05-10T09:58:08.215293
PAK'nSAVE,"Shore Mariner Takoyaki Octopus Ball

500g",,7.79,7.79,15.58,ea,0.0,0.0,,2026-05-10T09:58:08.240449
PAK'nSAVE,"Sea Cuisine Cooked Whole Prawns Vannamei 21/25

800g",,30.49,30.49,38.11,ea,0.0,0.0,,2026-05-10T09:58:08.261593
PAK'nSAVE,"Shore Mariner Crumbed Formed Squid Rings

1kg",,17.89,17.89,17.89,ea,0.0,0.0,,2026-05-10T09:58:08.286522
PAK'nSAVE,"Shore Mariner Cooked Prawn Cutlets

400g",,14.99,14.99,37.48,ea,0.0,0.0,EXTRA,2026-05-10T09:58:08.308664
PAK'nSAVE,"Shore Mariner Scallops

300g",,16.49,16.49,54.97,ea,0.0,0.0,EXTRA,2026-05-10T09:58:08.334812
PAK'nSAVE,"Shore Mariner Shore Mariner Surimi Nuggets Crab Flav

500g",,12.39,12.39,24.78,ea,0.0,0.0,,2026-05-10T09:58:08.363392
PAK'nSAVE,"Shore Mariner Cooked & Peeled All Purpose Shrimps

1kg",,28.79,28.79,28.79,ea,0.0,0.0,,2026-05-10T09:58:08.386203
PAK'nSAVE,"Shore Mariner Raw Half Cut Swimmer Crab Grade 3L

1kg",,27.99,27.99,27.99,ea,0.0,0.0,EXTRA,2026-05-10T09:58:08.412370
PAK'nSAVE,"United Fish Co Natural Squid Tubes U10

500g",,12.65,12.65,25.3,ea,0.0,0.0,,2026-05-10T09:58:08.440892
PAK'nSAVE,"Pams Value Raw Prawn Meat Pieces

500g",,12.05,12.05,24.1,ea,0.0,0.0,,2026-05-10T09:58:08.465761
PAK'nSAVE,"Pams Cooked & Peeled Shrimp

300g",,10.99,10.99,36.63,ea,0.0,0.0,EXTRA,2026-05-10T09:58:08.491799
PAK'nSAVE,"Champmar Whole Raw Vannamei 20/30 Count Prawns

1kg",,26.99,26.99,26.99,ea,0.0,0.0,EXTRA,2026-05-10T09:58:08.521511
PAK'nSAVE,"Solander Arrow Squid

1kg",,24.49,24.49,24.49,ea,0.0,0.0,,2026-05-10T09:58:08.550115
Woolworths,Woolworths NZ Beef Mince Grass Fed 18% Fat Tray 1kg,Woolworths,21.9,21.9,,ea,0.0,0.0,,2026-05-10T09:59:11.977102
Woolworths,Woolworths Chicken Breast Skinless & Boneless Large Pk Min Order 800g,Woolworths,16.3,16.3,,ea,0.0,0.0,,2026-05-10T09:59:11.992998
Woolworths,Waitoa Free Range Chicken Whole Butterfly Honey & Rosemary Each 1.1kg,,10.5,15.0,,ea,4.5,30.0,,2026-05-10T09:59:12.005115
Woolworths,Pataks Recipe Base Tikka Masala Medium Jar 450g,,4.5,6.25,,ea,1.75,28.0,,2026-05-10T09:59:12.019206
Woolworths,Scorched Peanut Chocolate Bar 45g,,1.5,2.39,,ea,0.89,37.2,,2026-05-10T09:59:12.036904
Woolworths,Purex Toilet Tissue White Mega Long 2ply 6 Pack,,7.5,9.29,,ea,1.79,19.3,,2026-05-10T09:59:12.050767
Woolworths,Pataks Recipe Base Butter Chicken Hot Jar 450g,,4.5,6.25,,ea,1.75,28.0,,2026-05-10T09:59:12.064668
Woolworths,Red Seal Vita Fizz Effervescent Orange Performance Support Tablets 20pack,,7.0,9.79,,ea,2.79,28.5,,2026-05-10T09:59:12.078570
Woolworths,Pataks Recipe Base Butter Chicken Mild Jar 450g,,4.5,6.25,,ea,1.75,28.0,,2026-05-10T09:59:12.092711
Woolworths,Libra Ultra Thin Pads Super With Wings 18pack,,5.6,7.49,,ea,1.89,25.2,,2026-05-10T09:59:12.106877
Woolworths,Red Seal Vita Fizz Effervescent Tablets Blackcurrant Immune Defence 20pack,,7.0,9.79,,ea,2.79,28.5,,2026-05-10T09:59:12.120644
Woolworths,Pataks Recipe Base Korma Rich Creamy Coconut Mild Jar 450g,,4.5,6.25,,ea,1.75,28.0,,2026-05-10T09:59:12.135064
Woolworths,Woolworths NZ Beef Mince Grass Fed 5% Fat Tray 500g,Woolworths,13.95,13.95,,ea,0.0,0.0,,2026-05-10T09:59:12.149078
Woolworths,Woolworths NZ Beef Mince Grass Fed 18% Fat Tray 500g,Woolworths,10.95,10.95,,ea,0.0,0.0,,2026-05-10T09:59:12.162987
Woolworths,Macro Free Range Chicken Breast Skinless Boneless 400g,,11.35,11.35,,ea,0.0,0.0,,2026-05-10T09:59:12.177556
Woolworths,Woolworths NZ Beef Mince Prime Grass Fed 13% Fat Tray 750g,Woolworths,17.2,17.2,,ea,0.0,0.0,,2026-05-10T09:59:12.191807
Woolworths,Tegel Free Range Quick Cook Chicken Steaks Chargrilled 4pk 400g,,7.0,10.0,,ea,3.0,30.0,,2026-05-10T09:59:12.202877
Woolworths,Woolworths Chicken Thighs Skinless Boneless Large Tray,Woolworths,25.75,25.75,,ea,0.0,0.0,,2026-05-10T09:59:12.216903
Woolworths,Bostocks Organic Boneless Chicken Breast Free Range 450g,,15.5,15.5,,ea,0.0,0.0,,2026-05-10T09:59:12.230902
Woolworths,Woolworths Chicken Breast Skinless Boneless NZ,Woolworths,16.3,16.3,,ea,0.0,0.0,,2026-05-10T09:59:12.245241
Woolworths,Woolworths Chicken Thighs Skinless Boneless Small Tray,Woolworths,25.75,25.75,,ea,0.0,0.0,,2026-05-10T09:59:12.258957
Woolworths,Woolworths Oven Ready Chicken Whole Sage & Onion Each 1.5kg,Woolworths,14.9,18.5,,ea,3.6,19.5,,2026-05-10T09:59:12.269761
Woolworths,Woolworths NZ Pork Mince Free Farmed 13% Fat Tray 500g,Woolworths,9.45,9.45,,ea,0.0,0.0,,2026-05-10T09:59:12.283756
Woolworths,Hellers Sausages Precooked 800g 12pack,,8.5,10.4,,ea,1.9,18.3,,2026-05-10T09:59:12.294806
Woolworths,Woolworths Chicken Whole Each 1.35kg,Woolworths,15.25,15.25,,ea,0.0,0.0,,2026-05-10T09:59:12.308665
Woolworths,Woolworths Chicken Breast Skin On Bulk Pack Min Order 1.2kg,Woolworths,16.0,16.0,,ea,0.0,0.0,,2026-05-10T09:59:12.322577
Woolworths,Woolworths NZ Beef Mince Grass Fed 5% Fat Tray 1kg,Woolworths,27.9,27.9,,ea,0.0,0.0,,2026-05-10T09:59:12.335963
Woolworths,Waitoa Free Range Butterfly Chicken The Chicken Rub 1.1kg,,10.5,15.0,,ea,4.5,30.0,,2026-05-10T09:59:12.346813
Woolworths,Macro Free Range Chicken Thigh Fillets 400g,,12.9,12.9,,ea,0.0,0.0,,2026-05-10T09:59:12.360584
Woolworths,Tegel Free Range Quick Cook Chicken Burger Patties Crunchy 4pk 400g,,7.0,10.0,,ea,3.0,30.0,,2026-05-10T09:59:12.371567
Woolworths,First Light Beef Mince Wagyu 400g,,11.15,12.39,,ea,1.24,10.0,,2026-05-10T09:59:12.382217
Woolworths,Woolworths Chicken Whole 1.9kg,Woolworths,19.25,19.25,,ea,0.0,0.0,,2026-05-10T09:59:12.395679
Woolworths,Bostocks Organic Chicken Thighs 450g,,17.5,17.5,,ea,0.0,0.0,,2026-05-10T09:59:12.409180
Woolworths,Woolworths Cook NZ Beef Steak Sirloin Garlic/Herb Butter 400g Tray 2pack,Woolworths,21.5,21.5,,ea,0.0,0.0,,2026-05-10T09:59:12.422889
Woolworths,Woolworths Cook NZ Chicken Kebabs Honey Soy 5pack,Woolworths,9.0,9.0,,ea,0.0,0.0,,2026-05-10T09:59:12.436332
Woolworths,Bostock Organic Free Range Chicken Tenderloins 500g,,15.9,15.9,,ea,0.0,0.0,,2026-05-10T09:59:12.450055
Woolworths,Woolworths NZ Angus Beef Mince Grass Fed 10% Fat Tray 500g,Woolworths,14.3,15.9,,ea,1.6,10.1,,2026-05-10T09:59:12.467156
Woolworths,Woolworths Cook NZ Butterflied Chicken Garlic & Herb 1.1kg,Woolworths,13.4,13.4,,ea,0.0,0.0,,2026-05-10T09:59:12.480906
Woolworths,Meat Street Lamb Rissoles 8 Pack 400g,,9.0,9.0,,ea,0.0,0.0,,2026-05-10T09:59:12.494250
Woolworths,Woolworths Oven Ready Chicken Whole Country Style Each 1.5kg,Woolworths,14.9,18.5,,ea,3.6,19.5,,2026-05-10T09:59:12.504932
Woolworths,Woolworths NZ Sausages Classic Beef 450g Tray 6pack,Woolworths,9.0,9.0,,ea,0.0,0.0,,2026-05-10T09:59:12.518361
Woolworths,Woolworths Cook NZ Chicken Kebabs Satay Tray 5pack,Woolworths,9.0,9.0,,ea,0.0,0.0,,2026-05-10T09:59:12.531602
Woolworths,Woolworths Chicken Thighs Cutlets Large Tray,Woolworths,17.4,17.4,,ea,0.0,0.0,,2026-05-10T09:59:12.545148
Woolworths,Woolworths Chicken Drumsticks Value Large Tray,Woolworths,7.3,7.3,,ea,0.0,0.0,,2026-05-10T09:59:12.558698
Woolworths,Woolworths Chicken Thighs Skinless Cutlets Small Tray,Woolworths,17.4,17.4,,ea,0.0,0.0,,2026-05-10T09:59:12.572127
Woolworths,Hellers Sausages Precooked Chunky Cheese Prepacked 1kg Pack,,14.5,14.5,,ea,0.0,0.0,,2026-05-10T09:59:12.585471
Woolworths,Woolworths Sausages Cheese Frankfurters 500g,Woolworths,9.0,9.0,,ea,0.0,0.0,,2026-05-10T09:59:12.599408
Woolworths,Hellers Family Franks 6pack 360g,,5.7,5.7,,ea,0.0,0.0,,2026-05-10T09:59:12.612715
Woolworths,Farmland Bacon Hocks Min Order 900g,,14.5,14.5,,ea,0.0,0.0,,2026-05-10T09:59:12.626176
Woolworths,Hellers Sausages Old Fashioned Beef 6pack,,10.99,10.99,,ea,0.0,0.0,,2026-05-10T09:59:12.639768
Woolworths,Woolworths Frankfurters Prepacked 500g,Woolworths,9.0,9.0,,ea,0.0,0.0,,2026-05-10T09:59:12.653407
Woolworths,Hellers Burger Patties Mini Beef 300g,,9.0,9.0,,ea,0.0,0.0,,2026-05-10T09:59:12.666652
Woolworths,Tegel Take Outs Chicken Burgers Louisiana Style Free Range 4pack,,10.0,10.0,,ea,0.0,0.0,,2026-05-10T09:59:12.681244
Woolworths,Woolworths Cocktail Sausages Prepacked 500g,Woolworths,9.0,9.0,,ea,0.0,0.0,,2026-05-10T09:59:12.694716
Woolworths,Woolworths Chicken Nibbles Medium Tray,Woolworths,13.6,13.6,,ea,0.0,0.0,,2026-05-10T09:59:12.708323
Woolworths,Macro Free Range NZ Chicken Tenderloins 400g,,12.4,12.4,,ea,0.0,0.0,,2026-05-10T09:59:12.721859
Woolworths,Woolworths NZ Pork Mince Free Farmed 13% Fat Tray 1kg,Woolworths,18.9,18.9,,ea,0.0,0.0,,2026-05-10T09:59:12.735358
Woolworths,Hellers Sausages London Pride 6pack,,10.49,10.49,,ea,0.0,0.0,,2026-05-10T09:59:28.711693
Woolworths,Woolworths Value Sausages Precooked Chicken 860g,Woolworths,9.0,9.0,,ea,0.0,0.0,,2026-05-10T09:59:28.727097
Woolworths,Woolworths Cook NZ Whole Chicken Oven Ready Smokey Bbq 1.5kg,Woolworths,14.9,18.5,,ea,3.6,19.5,,2026-05-10T09:59:28.738441
Woolworths,Inghams Chicken Breast Diced 500g,,11.5,11.5,,ea,0.0,0.0,,2026-05-10T09:59:28.752421
Woolworths,Woolworths Cook NZ Beef Steak Peppered Grass Fed 300g Tray 2pack,Woolworths,12.5,12.5,,ea,0.0,0.0,,2026-05-10T09:59:28.766327
Woolworths,Woolworths NZ Lamb Leg Steaks 270g Grass Fed Seal Fresh 2pack,Woolworths,9.5,9.5,,ea,0.0,0.0,,2026-05-10T09:59:28.779932
Woolworths,Hellers Sausages Genuine Pork 6pack,,10.49,10.49,,ea,0.0,0.0,,2026-05-10T09:59:28.794027
Woolworths,Woolworths NZ Lamb Mince Grass Feed 13% Fat Tray 500g,Woolworths,13.95,13.95,,ea,0.0,0.0,,2026-05-10T09:59:28.807763
Woolworths,Hellers Sausages Precooked Chinese Honey Prepacked 1kg Pack,,14.5,14.5,,ea,0.0,0.0,,2026-05-10T09:59:28.821160
Woolworths,Hellers Frankfurters 500g,,10.35,10.35,,ea,0.0,0.0,,2026-05-10T09:59:28.834906
Woolworths,Macro Free Range Whole Chicken Min Order 1.45kg,,12.6,12.6,,ea,0.0,0.0,,2026-05-10T09:59:28.848391
Woolworths,Woolworths Chicken Thighs Bone In Skin On Medium Tray,Woolworths,5.9,12.7,,ea,6.8,53.5,,2026-05-10T09:59:28.859136
Woolworths,Woolworths NZ Chicken Breast Schnitzels Garlic & Herb Tray 2pack,Woolworths,6.9,6.9,,ea,0.0,0.0,,2026-05-10T09:59:28.873615
Woolworths,Woolworths Sausages Cheese Cocktail 500g,Woolworths,9.0,9.0,,ea,0.0,0.0,,2026-05-10T09:59:28.887098
Woolworths,Hellers Frankfurters Family 1kg,,12.49,12.49,,ea,0.0,0.0,,2026-05-10T09:59:28.901443
Woolworths,First Light NZ Beef Rump Steak Grass Fed Wagyu 250g Tray,,15.79,15.79,,ea,0.0,0.0,,2026-05-10T09:59:28.915135
Woolworths,Hellers Sausages NZ Lamb & Thyme 6pack,,10.99,10.99,,ea,0.0,0.0,,2026-05-10T09:59:28.928597
Woolworths,Meat Street Lamb Grill Sticks Doner Kebab 5pk 300g,,9.0,9.0,,ea,0.0,0.0,,2026-05-10T09:59:28.941949
Woolworths,Woolworths Chicken Tenderloins Small Tray,Woolworths,23.7,23.7,,ea,0.0,0.0,,2026-05-10T09:59:28.955765
Woolworths,Woolworths Beef Meatballs Grass Fed Beef NZ 20-Pack 400g,Woolworths,12.2,12.2,,ea,0.0,0.0,,2026-05-10T09:59:28.969248
Woolworths,Silver Fern Farms Beef Eye Fillet Steak 300g,,22.4,24.95,,ea,2.55,10.2,,2026-05-10T09:59:28.980074
Woolworths,Woolworths Lamb Leg Frozen Bone In 2.5 - 3.5kg,Woolworths,22.95,22.95,,ea,0.0,0.0,,2026-05-10T09:59:28.993630
Woolworths,Woolworths NZ Sausages Classic Pork 450g Tray 6pack,Woolworths,9.0,9.0,,ea,0.0,0.0,,2026-05-10T09:59:29.007190
Woolworths,Woolworths NZ Chicken Schnitzel Crumbed Tray 2pack,Woolworths,9.0,9.0,,ea,0.0,0.0,,2026-05-10T09:59:29.020785
Woolworths,Plan*T Chick*N Prepacked 250g,,12.89,12.89,,ea,0.0,0.0,,2026-05-10T09:59:29.034140
Woolworths,Hellers Ham Boneless Honey Baked Min Order 1.2kg,,18.99,18.99,,ea,0.0,0.0,,2026-05-10T09:59:29.047595
Woolworths,First Light Sausages Wagyu Beef 420g,,13.99,13.99,,ea,0.0,0.0,,2026-05-10T09:59:29.060909
Woolworths,Woolworths Sausages Precooked Cheese Prepacked 1kg,Woolworths,9.0,10.55,,ea,1.55,14.7,,2026-05-10T09:59:29.071492
Woolworths,Woolworths Beef Rump Steak Large Average 750g,Woolworths,29.9,34.9,,ea,5.0,14.3,,2026-05-10T09:59:29.081900
Woolworths,Silver Fern Farms Lamb Rumps 400g,,16.9,18.8,,ea,1.9,10.1,,2026-05-10T09:59:29.092590
Woolworths,Hellers Cheerios Original Gluten Free Prepacked 1kg,,12.49,12.49,,ea,0.0,0.0,,2026-05-10T09:59:29.106073
Woolworths,Hellers Burger Patties Angus 454g 4pack,,14.49,14.49,,ea,0.0,0.0,,2026-05-10T09:59:29.119476
Woolworths,Beehive Kransky Cheese 800g,,14.0,15.6,,ea,1.6,10.3,,2026-05-10T09:59:29.130187
Woolworths,Woolworths NZ Chicken Tenders Crispy Tray 6pack,Woolworths,9.0,9.0,,ea,0.0,0.0,,2026-05-10T09:59:29.143641
Woolworths,Tonzu Organic Tofu Natural Sausage 300g,,8.49,8.49,,ea,0.0,0.0,,2026-05-10T09:59:29.157897
Woolworths,Impossible Plant Based Mince Beef Prepacked 340g,,13.95,13.95,,ea,0.0,0.0,,2026-05-10T09:59:29.171565
Woolworths,Hellers Sausages Precooked Gluten Free Prepacked 1kg Pack,,14.5,14.5,,ea,0.0,0.0,,2026-05-10T09:59:29.184839
Woolworths,Woolworths Meatballs Pork & Beef 400g,Woolworths,11.7,11.7,,ea,0.0,0.0,,2026-05-10T09:59:29.198248
Woolworths,Meat Street Beef Burgers Classic Rissoles 400g Tray 8pack,,8.0,8.0,,ea,0.0,0.0,,2026-05-10T09:59:29.211476
Woolworths,Bostocks Organic Chicken Drumsticks Free Range 900g,,15.0,15.0,,ea,0.0,0.0,,2026-05-10T09:59:29.224757
Woolworths,Woolworths Chicken Mince Breast 400g,Woolworths,8.5,8.5,,ea,0.0,0.0,,2026-05-10T09:59:29.238088
Woolworths,Woolworths NZ Chicken Nuggets Battered 330g Tray,Woolworths,9.0,9.0,,ea,0.0,0.0,,2026-05-10T09:59:29.251474
Woolworths,Woolworths NZ Chicken Breast Schnitzels Crumbed Tray 2pack,Woolworths,6.9,6.9,,ea,0.0,0.0,,2026-05-10T09:59:29.265696
Woolworths,Woolworths NZ Chicken Burgers Crunchy Tray 4pack,Woolworths,9.0,9.0,,ea,0.0,0.0,,2026-05-10T09:59:29.279020
Woolworths,Tegel Free Range Chicken Wraps Mexican 4pack,,12.5,12.5,,ea,0.0,0.0,,2026-05-10T09:59:29.292607
Woolworths,Woolworths Lamb Shoulder Chops 4pack Average 775g,Woolworths,19.95,19.95,,ea,0.0,0.0,,2026-05-10T09:59:29.306331
Woolworths,Woolworths Sausages Angus Beef 450g Tray 6pack,Woolworths,13.5,13.5,,ea,0.0,0.0,,2026-05-10T09:59:29.319786
Woolworths,Bostocks Chicken Whole Organic 1.5kg,,29.4,29.4,,ea,0.0,0.0,,2026-05-10T09:59:29.333157
Woolworths,Silver Fern Farms Honest Beef & Lamb Burgers With Manuka Smoked Salt 4 Pack 500g,,13.45,14.95,,ea,1.5,10.0,,2026-05-10T09:59:47.104876
Woolworths,Hellers Sausage Meat Tube 450g,,7.29,7.29,,ea,0.0,0.0,,2026-05-10T09:59:47.122976
Woolworths,Silver Fern Farms Honest Beef Burgers With Smoky Caramelized Onion 4 Pack 500g,,13.45,14.95,,ea,1.5,10.0,,2026-05-10T09:59:47.134701
Woolworths,Woolworths Cook NZ Pork Loin Steaks Sweet & Smoky 2pack 250g,Woolworths,10.3,10.3,,ea,0.0,0.0,,2026-05-10T09:59:47.148594
Woolworths,Woolworths Beef Sirloin Steak 2pack Average 500g,Woolworths,41.9,41.9,,ea,0.0,0.0,,2026-05-10T09:59:47.162520
Woolworths,Hellers Meatballs Pork 400g,,10.95,10.95,,ea,0.0,0.0,,2026-05-10T09:59:47.175897
Woolworths,Woolworths Sausages Precooked Chicken Prepacked 1kg,Woolworths,9.0,10.55,,ea,1.55,14.7,,2026-05-10T09:59:47.186787
Woolworths,Bostock Organic Sausages Chicken & Tarragon 290g,,13.19,13.19,,ea,0.0,0.0,,2026-05-10T09:59:47.200285
Woolworths,Silver Fern Farms Lamb Stir-Fry 350g,,13.4,14.95,,ea,1.55,10.4,,2026-05-10T09:59:47.210997
Woolworths,Country Pride Ham Steaks 4pk 400g,,9.0,9.0,,ea,0.0,0.0,,2026-05-10T09:59:47.224589
Woolworths,Woolworths Boneless Ham Honey Baked Min Order 900g,Woolworths,18.7,18.7,,ea,0.0,0.0,,2026-05-10T09:59:47.238175
Woolworths,Waitoa Free Range Sausages Plain Chicken 480g 6pack,,14.9,14.9,,ea,0.0,0.0,,2026-05-10T09:59:47.251595
Woolworths,Woolworths Dripping Beef Pottle 450g,Woolworths,7.2,7.2,,ea,0.0,0.0,,2026-05-10T09:59:47.264884
Woolworths,Silver Fern Farms Lamb Steaks 220g,,16.65,16.65,,ea,0.0,0.0,,2026-05-10T09:59:47.278297
Woolworths,Woolworths Cook Kebabs Butter Chicken 5 Pack 300g,Woolworths,8.5,8.5,,ea,0.0,0.0,,2026-05-10T09:59:47.291812
Woolworths,Woolworths Sausages Pork & Fennel 450g Tray 6pack,Woolworths,11.99,11.99,,ea,0.0,0.0,,2026-05-10T09:59:47.305963
Woolworths,Meat Street Burger Patties Classic Beef 320g 4pack,,9.0,9.0,,ea,0.0,0.0,,2026-05-10T09:59:47.319362
Woolworths,Woolworths Sausages Angus Beef Hickory 450g Tray 6pack,Woolworths,13.5,13.5,,ea,0.0,0.0,,2026-05-10T09:59:47.332796
Woolworths,Woolworths Free-Farmed Bone In Pork Shoulder Roast NZ Average 2kg,Woolworths,9.9,11.19,,ea,1.29,11.5,,2026-05-10T09:59:47.343393
Woolworths,Hellers Sausages New Yorker Porker 6pack,,10.49,10.49,,ea,0.0,0.0,,2026-05-10T09:59:47.357026
Woolworths,Hellers Sausages Cheese & Bacon Precooked Prepacked 1kg,,14.5,14.5,,ea,0.0,0.0,,2026-05-10T09:59:47.370274
Woolworths,Woolworths Cook NZ Chicken Nibbles Sweet Chilli,Woolworths,13.7,15.3,,ea,1.6,10.5,,2026-05-10T09:59:47.380841
Woolworths,Woolworths Chicken Drumsticks NZ Small Tray,Woolworths,7.3,7.3,,ea,0.0,0.0,,2026-05-10T09:59:47.394217
Woolworths,Woolworths NZ Sausages Beef Breakfast 375g Tray 10pack,Woolworths,9.0,9.0,,ea,0.0,0.0,,2026-05-10T09:59:47.407501
Woolworths,Hellers Sausages Country Pork 480g 6pack,,9.8,10.99,,ea,1.19,10.8,,2026-05-10T09:59:47.418061
Woolworths,Hellers Cheerios Sausages 500g,,10.35,10.35,,ea,0.0,0.0,,2026-05-10T09:59:47.431391
Woolworths,Woolworths Cook NZ Chicken Butterfly Sweet Chilli Jam 1.1kg,Woolworths,13.4,13.4,,ea,0.0,0.0,,2026-05-10T09:59:47.444692
Woolworths,Beak & Sons Ready To Pull Pork Pulled In Apple Bbq Sauce 600g,,23.99,23.99,,ea,0.0,0.0,,2026-05-10T09:59:47.457938
Woolworths,Woolworths Beef Diced Chuck Average 750g,Woolworths,23.5,23.5,,ea,0.0,0.0,,2026-05-10T09:59:47.471282
Woolworths,Hellers Sausages Venison 6pack,,10.99,10.99,,ea,0.0,0.0,,2026-05-10T09:59:47.484499
Woolworths,Impossible Plant Based Burger Patties 113g Each 2pack,,10.0,12.0,,ea,2.0,16.7,,2026-05-10T09:59:47.495135
Woolworths,Fresh Zone Beef Sausages Flavoured 6ea,,7.6,8.5,,ea,0.9,10.6,,2026-05-10T09:59:47.505753
Woolworths,Woolworths Beef Corned Silverside Average 1.1kg,Woolworths,19.9,19.9,,ea,0.0,0.0,,2026-05-10T09:59:47.519016
Woolworths,Woolworths Sausages Precooked Chicken Herb Prepacked 1kg,Woolworths,9.0,10.55,,ea,1.55,14.7,,2026-05-10T09:59:47.530048
Woolworths,Silver Fern Farms Beef Medallions 400g,,21.35,21.35,,ea,0.0,0.0,,2026-05-10T09:59:47.543618
Woolworths,Woolworths Burger Patties Prime 400g 4pack,Woolworths,14.95,14.95,,ea,0.0,0.0,,2026-05-10T09:59:47.556985
Woolworths,Woolworths NZ Chicken Pops Southern Style Tray 270g,Woolworths,9.0,9.0,,ea,0.0,0.0,,2026-05-10T09:59:47.570559
Woolworths,Macro Free Range Chicken Drumsticks Tray,,12.4,12.4,,ea,0.0,0.0,,2026-05-10T09:59:47.584012
Woolworths,First Light NZ Beef Rib Eye Steak Wagyu Scotch Fillet 170g Pack,,20.69,22.99,,ea,2.3,10.0,,2026-05-10T09:59:47.594661
Woolworths,Hellers Sausages Precooked Prepacked 2kg Pack,,22.95,22.95,,ea,0.0,0.0,,2026-05-10T09:59:47.607890
Woolworths,Silver Fern Farms Lamb Medallions 400g,,21.35,21.35,,ea,0.0,0.0,,2026-05-10T09:59:47.621403
Woolworths,Woolworths Beef Schnitzel Large Average 500g,Woolworths,27.5,27.5,,ea,0.0,0.0,,2026-05-10T09:59:47.634769
Woolworths,Woolworths Lamb Leg Butterflied Rosemary & Garlic Prepacked 400g,Woolworths,23.95,23.95,,ea,0.0,0.0,,2026-05-10T09:59:47.648064
Woolworths,Beak & Sons Pork Ribs Hickory Bbq Min Order 1kg,,22.0,24.49,,ea,2.49,10.2,,2026-05-10T09:59:47.658636
Woolworths,Hellers Saveloys Classic Prepacked 1kg,,12.49,12.49,,ea,0.0,0.0,,2026-05-10T09:59:47.671953
Woolworths,Woolworths Leg Ham Boneless Min Order 900g,Woolworths,19.6,19.6,,ea,0.0,0.0,,2026-05-10T09:59:47.685344
Woolworths,Plan*T Meat Alternative Spicy Chorizo 276g,,9.99,11.9,,ea,1.91,16.1,,2026-05-10T09:59:47.696273
Woolworths,Woolworths Saveloys Classic Prepacked 500g,Woolworths,9.0,9.0,,ea,0.0,0.0,,2026-05-10T09:59:47.709707
Woolworths,Woolworths NZ Sausages Italian Style Pork 450g Tray 6pack,Woolworths,10.95,10.95,,ea,0.0,0.0,,2026-05-10T10:00:03.110916
Woolworths,Meat Street Lamb Grill Sticks Oriental Mint 5pk 300g,,9.0,9.0,,ea,0.0,0.0,,2026-05-10T10:00:03.128497
Woolworths,Woolworths Lamb Whole Leg Bone In Average 2kg,Woolworths,24.95,24.95,,ea,0.0,0.0,,2026-05-10T10:00:03.142582
Woolworths,Woolworths Burger Patties Angus Beef & Pale Ale 400g 4pack,Woolworths,14.2,14.2,,ea,0.0,0.0,,2026-05-10T10:00:03.156662
Woolworths,Woolworths Cook NZ Chicken Nibbles Buffalo,Woolworths,13.7,15.3,,ea,1.6,10.5,,2026-05-10T10:00:03.167560
Woolworths,Woolworths Beef Scotch Fillet Steak Average 500g,Woolworths,49.9,49.9,,ea,0.0,0.0,,2026-05-10T10:00:03.181492
Woolworths,Woolworths NZ Chicken Pops Spicy Southern Style Tray 270g,Woolworths,9.0,9.0,,ea,0.0,0.0,,2026-05-10T10:00:03.195511
Woolworths,Tegel Take Outs Chicken Strips Louisiana Style Free Range 6pack,,10.0,10.0,,ea,0.0,0.0,,2026-05-10T10:00:03.209843
Woolworths,Beak & Sons Pork Ribs Chinese Bbq Min Order 1kg,,22.0,24.49,,ea,2.49,10.2,,2026-05-10T10:00:03.220712
Woolworths,Woolworths NZ Free Farmed 1/3 Ham Cooked On The Bone Min Order 2kg,Woolworths,18.99,18.99,,ea,0.0,0.0,,2026-05-10T10:00:03.234166
Woolworths,Tegel Free Range Breakfast Sausage 10 Pack 250g,,9.0,9.0,,ea,0.0,0.0,,2026-05-10T10:00:03.247791
Woolworths,Woolworths Sausages Precooked Chicken Prepacked 35 Pack,Woolworths,20.9,20.9,,ea,0.0,0.0,,2026-05-10T10:00:03.261000
Woolworths,Hellers Ham Boneless Leg 0.8 - 1kg,,22.8,22.8,,ea,0.0,0.0,,2026-05-10T10:00:03.274310
Woolworths,Northlands Burger Patties 600g 6pack,,16.9,16.9,,ea,0.0,0.0,,2026-05-10T10:00:03.287626
Woolworths,Woolworths Pork Free Farmed Loin Chops Small Average 500g,Woolworths,15.99,15.99,,ea,0.0,0.0,,2026-05-10T10:00:03.301108
Woolworths,Hellers Sausages Classic Jumbo Bratwurst 420g 4pack,,9.0,9.0,,ea,0.0,0.0,,2026-05-10T10:00:03.314825
Woolworths,Woolworths Pork Bone In Leg Average 2kg,Woolworths,12.29,12.29,,ea,0.0,0.0,,2026-05-10T10:00:03.328295
Woolworths,Hellers Sausages Precooked Super Savoury Prepacked 1kg Pack,,14.5,14.5,,ea,0.0,0.0,,2026-05-10T10:00:03.348416
Woolworths,Woolworths Lamb Shoulder Chops Oriental Mint,Woolworths,19.95,19.95,,ea,0.0,0.0,,2026-05-10T10:00:03.367317
Woolworths,Plan*T Meat Alternative Sage & Onion Sausages 276g,,9.99,11.9,,ea,1.91,16.1,,2026-05-10T10:00:03.378268
Woolworths,Hellers Saveloys Classic 500g,,10.35,10.35,,ea,0.0,0.0,,2026-05-10T10:00:03.391620
Woolworths,Woolworths NZ Sausages Pork Breakfast 375g Tray 10pack,Woolworths,9.0,9.0,,ea,0.0,0.0,,2026-05-10T10:00:03.405141
Woolworths,Macro Free Range NZ Chicken Breast Schnitzels Crumbed Tray 2pack,,12.39,12.39,,ea,0.0,0.0,,2026-05-10T10:00:03.418799
Woolworths,Beak & Sons Lamb Shanks Garlic & Rosemary,,30.9,30.9,,ea,0.0,0.0,,2026-05-10T10:00:03.432500
Woolworths,Inghams Chicken Livers Pottle 350g,,6.49,6.49,,ea,0.0,0.0,,2026-05-10T10:00:03.445653
Woolworths,Beak & Sons Beef Casserole Beef & Ale 600g,,14.7,16.7,,ea,2.0,12.0,,2026-05-10T10:00:03.456347
Woolworths,Meat Street Beef Grillsticks Cheesy Bacon 5 Pack 300g,,9.0,9.0,,ea,0.0,0.0,,2026-05-10T10:00:03.469569
Woolworths,Woolworths Chicken Wings Medium Tray,Woolworths,10.4,11.65,,ea,1.25,10.7,,2026-05-10T10:00:03.480303
Woolworths,Woolworths Lamb Shoulder Chops 2 Piece Average 500g,Woolworths,19.95,19.95,,ea,0.0,0.0,,2026-05-10T10:00:03.493618
Woolworths,Riverside Farm Duck Fat Rendered 360g,,6.0,6.0,,ea,0.0,0.0,,2026-05-10T10:00:03.507141
Woolworths,Woolworths Sausages Precooked Chinese Honey Style Prepacked 1kg,Woolworths,9.0,10.55,,ea,1.55,14.7,,2026-05-10T10:00:03.517553
Woolworths,Woolworths NZ Sausages Lamb Herb & Garlic 450g Tray 6pack,Woolworths,14.3,14.3,,ea,0.0,0.0,,2026-05-10T10:00:03.530827
Woolworths,Plan*T Smoky Chipotle Burger Patties Plant Based 230g 2pack,,9.99,9.99,,ea,0.0,0.0,,2026-05-10T10:00:03.544251
Woolworths,Woolworths Beef Chuck Steak Average 600g,Woolworths,32.9,32.9,,ea,0.0,0.0,,2026-05-10T10:00:03.557560
Woolworths,"Woolworths Sausages Lamb, Manuka Honey & Rosemary 450g Tray 6pack",Woolworths,13.49,13.49,,ea,0.0,0.0,,2026-05-10T10:00:03.570847
Woolworths,Hellers Fresh Sausages The Godfather Prepacked 6pack,,10.49,10.49,,ea,0.0,0.0,,2026-05-10T10:00:03.584132
Woolworths,Hellers Sausages Country Pork Breakfast 10pack,,9.8,10.99,,ea,1.19,10.8,,2026-05-10T10:00:03.594603
Woolworths,Woolworths Pork Shoulder Chops Small Average 600g,Woolworths,15.49,15.49,,ea,0.0,0.0,,2026-05-10T10:00:03.607875
Woolworths,Woolworths Macro Butterfly Chicken Free Range Garden And Herb 1.1kg,Woolworths,16.9,16.9,,ea,0.0,0.0,,2026-05-10T10:00:03.621070
Woolworths,Woolworths NZ Sausages Spicy Chorizo Style 450g Tray 6pack,Woolworths,11.5,11.5,,ea,0.0,0.0,,2026-05-10T10:00:03.634263
Woolworths,Woolworths Kransky Cheese Minis Prepacked 500g,Woolworths,9.0,9.0,,ea,0.0,0.0,,2026-05-10T10:00:03.647525
Woolworths,Plan*T Crispy Chicken Burger Patties Plant Based 230g 2pack,,9.99,9.99,,ea,0.0,0.0,,2026-05-10T10:00:03.660641
Woolworths,Woolworths Pork Boneless Shoulder Roast Small Min Order 2kg,Woolworths,21.5,21.5,,ea,0.0,0.0,,2026-05-10T10:00:03.673787
Woolworths,Woolworths Kransky Cheese 480g Tray 6pack,Woolworths,9.0,9.0,,ea,0.0,0.0,,2026-05-10T10:00:03.694151
Woolworths,Woolworths Free Farmed Pork Belly Slices NZ Average 500g,Woolworths,29.99,29.99,,ea,0.0,0.0,,2026-05-10T10:00:03.707507
Woolworths,Woolworths Lamb Loin Chops Medium Average 450g,Woolworths,29.95,29.95,,ea,0.0,0.0,,2026-05-10T10:00:03.721198
Woolworths,Beak & Sons Sweet & Sour Pork Heat & Eat 600g,,14.7,16.7,,ea,2.0,12.0,,2026-05-10T10:00:03.731694
Woolworths,Woolworths Lamb Leg Butterflied 400g,Woolworths,23.95,23.95,,ea,0.0,0.0,,2026-05-10T10:00:03.745350
Woolworths,Beak & Sons Bbq Pork Ribs Craft Beer Glazed,,22.0,24.49,,ea,2.49,10.2,,2026-05-10T10:00:18.180146
Woolworths,Woolworths Sausages Frankfurters 2kg,Woolworths,17.95,17.95,,ea,0.0,0.0,,2026-05-10T10:00:18.195776
Woolworths,Woolworths Sausages Cocktail 2kg,Woolworths,17.95,17.95,,ea,0.0,0.0,,2026-05-10T10:00:18.209658
Woolworths,Woolworths Angus Beef Rump Steak Average 550g,Woolworths,39.9,39.9,,ea,0.0,0.0,,2026-05-10T10:00:18.223482
Woolworths,Woolworths Beef Premium Stir-Fry Average 500g,Woolworths,30.5,30.5,,ea,0.0,0.0,,2026-05-10T10:00:18.237178
Woolworths,Woolworths Pork Diced Average 575g,Woolworths,18.95,21.95,,ea,3.0,13.7,,2026-05-10T10:00:18.247904
Woolworths,Hellers Saveloys Smoked 500g,,10.35,10.35,,ea,0.0,0.0,,2026-05-10T10:00:18.261504
Woolworths,Woolworths Lamb Shoulder Roast Bone In Average 2.6kg,Woolworths,19.95,19.95,,ea,0.0,0.0,,2026-05-10T10:00:18.274800
Woolworths,Woolworths Beef Blade Steak Average 500g,Woolworths,31.9,31.9,,ea,0.0,0.0,,2026-05-10T10:00:18.288295
Woolworths,Woolworths Free Farmed Pork Schnitzel Average 400g,Woolworths,24.95,24.95,,ea,0.0,0.0,,2026-05-10T10:00:18.301628
Woolworths,Woolworths Beef Eye Fillet Average 250g,Woolworths,67.9,67.9,,ea,0.0,0.0,,2026-05-10T10:00:18.315134
Woolworths,Woolworths Free Farmed Pork Belly Slices Bone In Average 650g,Woolworths,19.9,26.0,,ea,6.1,23.5,,2026-05-10T10:00:18.325920
Woolworths,Woolworths NZ Sausages Cheesy Beef 450g Tray 6pack,Woolworths,11.6,11.6,,ea,0.0,0.0,,2026-05-10T10:00:18.339116
Woolworths,Riverside Farm Duck Breasts Confit Style 280g,,9.9,14.49,,ea,4.59,31.7,,2026-05-10T10:00:18.349707
Woolworths,Woolworths Cook NZ Chicken Tenderloins Sweet Chilli,Woolworths,23.2,23.2,,ea,0.0,0.0,,2026-05-10T10:00:18.363048
Woolworths,Zamora Sausages Pork & Sage 350g,,14.69,14.69,,ea,0.0,0.0,,2026-05-10T10:00:18.377153
Woolworths,Riverside Farm Duck Half Deboned 280g,,8.9,13.5,,ea,4.6,34.1,,2026-05-10T10:00:18.388116
Woolworths,Woolworths Pork Free Farmed Belly Average 900g,Woolworths,28.95,28.95,,ea,0.0,0.0,,2026-05-10T10:00:18.401636
Woolworths,Riverside Farm Duck Leg Confit Style 160g,,8.5,8.5,,ea,0.0,0.0,,2026-05-10T10:00:18.415098
Woolworths,Woolworths Beef Bolar Roast 0.8 - 3kg,Woolworths,29.5,29.5,,ea,0.0,0.0,,2026-05-10T10:00:18.428619
Woolworths,Woolworths Free Farmed Pork Rump Steak 1-2 Pack NZ Average 500g,Woolworths,24.95,24.95,,ea,0.0,0.0,,2026-05-10T10:00:18.441843
Woolworths,Woolworths Chicken Legs Whole NZ Large Tray,Woolworths,12.7,12.7,,ea,0.0,0.0,,2026-05-10T10:00:18.455142
Woolworths,Woolworths Beef Tenderised Steak Average 500g,Woolworths,33.9,33.9,,ea,0.0,0.0,,2026-05-10T10:00:18.468535
Woolworths,Meatstreet Sausages Beef Flavoured 18 Pack 1.26kg,,16.9,16.9,,ea,0.0,0.0,,2026-05-10T10:00:18.481994
Woolworths,Woolworths NZ Beef Roast Topside Grass Fed 0.8-2.3kg,Woolworths,25.5,25.5,,ea,0.0,0.0,,2026-05-10T10:00:18.495381
Woolworths,Woolworths Lamb Gourmet Hind Shanks Average 850g,Woolworths,27.95,27.95,,ea,0.0,0.0,,2026-05-10T10:00:18.508691
Woolworths,Zamora Sausages German Bratwurst 450g,,15.55,15.55,,ea,0.0,0.0,,2026-05-10T10:00:18.522081
Woolworths,Woolworths Beef T-Bone Steak Average 550g,Woolworths,45.9,45.9,,ea,0.0,0.0,,2026-05-10T10:00:18.535584
Woolworths,Woolworths Chicken Necks Medium Tray,Woolworths,6.0,6.0,,ea,0.0,0.0,,2026-05-10T10:00:18.549177
Woolworths,Zamora Sausages The Criolo 450g,,15.55,15.55,,ea,0.0,0.0,,2026-05-10T10:00:18.562838
Woolworths,Woolworths Chicken Frames Medium Tray 550g,Woolworths,3.5,3.5,,ea,0.0,0.0,,2026-05-10T10:00:18.576305
Woolworths,Woolworths Pork Spare Ribs Average 600g,Woolworths,24.99,24.99,,ea,0.0,0.0,,2026-05-10T10:00:18.589832
Woolworths,Woolworths Angus Beef Stir-Fry Average 500g,Woolworths,31.9,31.9,,ea,0.0,0.0,,2026-05-10T10:00:18.603319
Woolworths,Woolworths Free Farmed Pork Hock Average 800g,Woolworths,9.99,9.99,,ea,0.0,0.0,,2026-05-10T10:00:18.616620
Woolworths,Woolworths Free Farmed Pork Fillet Whole Average 312g,Woolworths,30.99,30.99,,ea,0.0,0.0,,2026-05-10T10:00:18.630023
Woolworths,Woolworths Lamb Spare Ribs Average 675g,Woolworths,27.9,27.9,,ea,0.0,0.0,,2026-05-10T10:00:18.643474
Woolworths,Woolworths Angus Beef Thick Cut Sirloin Average 300g,Woolworths,50.9,50.9,,ea,0.0,0.0,,2026-05-10T10:00:18.656797
Woolworths,Woolworths Angus Beef Thick Cut Eye Fillet Average 200g,Woolworths,72.5,72.5,,ea,0.0,0.0,,2026-05-10T10:00:18.670258
Woolworths,Waitoa Chicken Nibbles Maple Bbq Bag 1kg,,12.0,12.0,,ea,0.0,0.0,,2026-05-10T10:00:18.683595
Woolworths,Waitoa Drumsticks Lemon Sage,,12.0,12.0,,ea,0.0,0.0,,2026-05-10T10:00:18.696601
Woolworths,Woolworths Chicken Hearts Medium Tray,Woolworths,14.99,14.99,,ea,0.0,0.0,,2026-05-10T10:00:18.709962
Woolworths,Woolworths Lamb Neck Chops Average 700g,Woolworths,21.5,21.5,,ea,0.0,0.0,,2026-05-10T10:00:18.723110
Woolworths,Woolworths Lamb Rack Skin On Average 600g,Woolworths,49.95,49.95,,ea,0.0,0.0,,2026-05-10T10:00:18.736331
Woolworths,Woolworths Sirloin Steak 1 Piece,Woolworths,41.9,41.9,,ea,0.0,0.0,,2026-05-10T10:00:18.749694
Woolworths,Woolworths Lamb Flaps Average 1.3kg,Woolworths,18.95,18.95,,ea,0.0,0.0,,2026-05-10T10:00:18.762839
Woolworths,Woolworths Half Lamb Leg Bone In NZ Grass Fed,Woolworths,24.95,24.95,,ea,0.0,0.0,,2026-05-10T10:00:18.776296
Woolworths,Woolworths Chicken Feet Medium Tray,Woolworths,7.0,7.0,,ea,0.0,0.0,,2026-05-10T10:00:18.789546
Woolworths,Woolworths Beef Sizzle Steak Average 250g,Woolworths,39.9,39.9,,ea,0.0,0.0,,2026-05-10T10:00:18.803016
Woolworths,Woolworths Gravy Beef Average 500g,Woolworths,32.9,32.9,,ea,0.0,0.0,,2026-05-10T10:00:33.771442
Woolworths,Woolworths Lamb Foreshanks Average 600g,Woolworths,27.95,27.95,,ea,0.0,0.0,,2026-05-10T10:00:33.788815
Woolworths,Woolworths Angus Beef Thick Cut Scotch Average 300g,Woolworths,55.9,55.9,,ea,0.0,0.0,,2026-05-10T10:00:33.803672
Woolworths,Woolworths Chicken Gizzards Medium Tray,Woolworths,15.5,15.5,,ea,0.0,0.0,,2026-05-10T10:00:33.817478
Woolworths,Woolworths Scotch Fillet Steak 1 Piece,Woolworths,49.9,49.9,,ea,0.0,0.0,,2026-05-10T10:00:33.831034
